Date,EAD,Utilization,Macro_Distress,Sentiment_Score,Portfolio_PD,Portfolio_LGD
2022-01-01,180.31527157993935,0.6672434603851735,0.04567575808049888,0.28044328610459507,0.029150110279234167,0.38861228878040116
2022-01-02,176.80437317108976,0.5837481626883368,-0.14099680740705683,0.2575405509002591,0.020277854193174998,0.36256251880095414
2022-01-03,180.73703836222765,0.6720169824886577,0.1397496503397615,0.08717880383825083,0.018409586354814093,0.402942161371912
2022-01-04,181.44763977469657,0.6355914663005556,0.18119610449656148,0.03238929769545951,0.02163494712977871,0.43317526880469087
2022-01-05,175.6831295597697,0.5950641050394676,-0.2321987647595071,0.2477369873321814,0.02223394090033958,0.4491458103230881
2022-01-06,177.56798920783746,0.6032037202055777,-0.12455618483456804,-0.3587134530443482,0.021135237239275233,0.26874266579515993
2022-01-07,181.89737693191782,0.6472188432569631,0.10287023050760982,-0.051103892002687556,0.026659110958607055,0.3686989643376205
2022-01-08,182.2143843325597,0.7199282126549268,0.050472418559348545,-0.17437868270382528,0.02658467852982082,0.41300205396538514
2022-01-09,183.78662281940103,0.6616107568523195,0.10883700045300111,-0.3961461397271059,0.03047304061231479,0.40594054424718584
2022-01-10,183.07132965969575,0.5206962262330328,-0.002390065622420492,0.4221272007609003,0.028946472954675822,0.4201688121263363
2022-01-11,187.81326472332128,0.6541001530161139,0.2647256437680727,0.24694088458377497,0.03097787339736575,0.439849578683135
2022-01-12,188.45679629195854,0.6886613091457068,0.26322725617121595,0.15554607075405183,0.019725759913069053,0.4110793324674512
2022-01-13,188.01858822057943,0.6810808804484717,0.1745486676805372,-0.05838071316240738,0.01943028124368954,0.3911122069686949
2022-01-14,191.4674001090519,0.6189272995665196,0.33547957266228834,0.10282057937456238,0.026167725679356012,0.4212728827794538
2022-01-15,191.61424232857988,0.6891422939956711,0.25745893113553914,-0.177207956644421,0.023856335945274497,0.48318301060469104
2022-01-16,189.92849433338895,0.6556820127840985,0.07745744005448597,-0.003520888813695333,0.01634598473611036,0.3711453473601629
2022-01-17,193.9234089140924,0.7608132527779234,0.268228174411975,-0.4611275647038782,0.025097282898683838,0.42368248128399977
2022-01-18,191.8097280899347,0.5731305907757019,0.08858897990106307,0.03723554019396586,0.020332883733251338,0.4180260086900274
2022-01-19,196.62212372718736,0.6178739178529996,0.3603662222751745,-0.23715987348651787,0.024305652268565438,0.5140541687212404
2022-01-20,195.4435635701639,0.6141745066760781,0.2456704924922987,-0.4976323739532252,0.025631332898895975,0.4095516363374142
2022-01-21,196.03620982893275,0.6041070689111506,0.23848480344241135,-0.17973864036383716,0.03335928829415563,0.4717888131447892
2022-01-22,195.8408641773762,0.5770098289202013,0.17925722006984493,-0.14541244501309358,0.026461871089850098,0.47952469217023563
2022-01-23,201.04264981311528,0.5153229796146775,0.4454729574863732,0.13755922142069876,0.04296615648977052,0.4413595824991049
2022-01-24,199.65651840429186,0.6115257913431801,0.27717304191113995,0.029532202790554435,0.02706255026370008,0.4171813552372759
2022-01-25,200.4304079178372,0.6484797362525793,0.2500986105632003,-0.1722076676213737,0.024693185797769836,0.40855717745390924
2022-01-26,201.9740585547833,0.6079477425747999,0.2717402904174626,-0.12802137584195308,0.02661020777140636,0.4143828723296172
2022-01-27,204.72271857565283,0.7447057447392363,0.39947237968984045,-0.2685775712568388,0.0305802406345782,0.4826592309978257
2022-01-28,205.0752586030859,0.6472259380557017,0.3879762284992381,-0.32231185614835356,0.03167755043362807,0.45034812171269956
2022-01-29,205.9787050879562,0.7129629961403263,0.40342952817599637,-0.5530074690702691,0.042522794289735856,0.4521074382760931
2022-01-30,206.63939540084516,0.6628555474840855,0.4148710570632257,-0.32817270934599024,0.02441865474826548,0.38522593018733087
2022-01-31,209.9956522471558,0.7145208076324785,0.610003684481797,-0.6135271433003862,0.03849075233400295,0.41262586457941797
2022-02-01,205.85603255892894,0.6529728619378415,0.3250898686763618,-0.5401417928042398,0.030095232780068943,0.5396813281064852
2022-02-02,206.242054084719,0.7068606546511986,0.3201785254668372,-0.09631951418990237,0.017760182422485563,0.42312656628224926
2022-02-03,206.0252003849629,0.6374011049546213,0.28836781206667733,-0.10404130346336539,0.03136437995444148,0.3900981814277497
2022-02-04,209.0583854130956,0.6822399657518688,0.4786160862285798,-0.7817081382020253,0.03939972681816504,0.5194165669023229
2022-02-05,210.2334912281972,0.6834293935027449,0.5426062235020227,-0.41049551582519767,0.02655160827479652,0.4683510497843799
2022-02-06,208.17436939693917,0.6343115130376389,0.40604821620004095,-0.03530840486504777,0.02817829499315645,0.4695125674632302
2022-02-07,207.17028221826868,0.6585966992244308,0.3195631939849749,0.04111169893459779,0.0162769681271749,0.4250539656344208
2022-02-08,207.94222168651257,0.7512825482884685,0.32969363315487077,0.02567366751290015,0.01928989362651065,0.41703570878664686
2022-02-09,211.82846034460087,0.6485401763510447,0.5171668621318058,-0.35228850176689913,0.0373992945611262,0.4432373675883161
2022-02-10,212.9850140025327,0.6849760006481644,0.5333563000458508,-0.5846107420243833,0.029305879596498795,0.3841987214896537
2022-02-11,213.78177645343672,0.7249966480069998,0.517564170529397,-0.633219626210093,0.02535170548711412,0.44736004658194484
2022-02-12,212.26581041769325,0.702569390988226,0.3796393911750999,-0.17959634763498056,0.029782113008861005,0.4527655929696409
2022-02-13,214.54795875987034,0.6599212321669989,0.4944617606752559,-0.25130322388138837,0.027267025104019068,0.5419693377597133
2022-02-14,214.66440902746788,0.5392607337945516,0.48691807452016383,-0.019009874262848336,0.02655487150992528,0.4529917607022772
2022-02-15,215.1397290468342,0.6862941810340843,0.5038253341805089,-0.07768282134083532,0.034303443908730774,0.33367368130753566
2022-02-16,216.31511980204758,0.5583624003630431,0.577800944118298,-0.4375178250156016,0.025342953452981203,0.45308082277259876
2022-02-17,215.39944477727738,0.73520938501621,0.5142710289095704,-0.6710411899519166,0.026624531593403424,0.5884023095463724
2022-02-18,216.7607042159956,0.6765118371804174,0.5669845301729535,-0.4766658203737919,0.03320352553786411,0.5000167647665474
2022-02-19,216.11427847512152,0.7107025950790576,0.5059907840454846,-0.29988575012920804,0.036571152723941354,0.41005463121411906
2022-02-20,217.075627318793,0.6190170822777543,0.5343553265567249,-0.4245695399370584,0.03904738381650409,0.48299085837720035
2022-02-21,218.3988190286433,0.5912100157358362,0.5736282450069913,-0.5460132985243078,0.028604158560255086,0.42026215325621213
2022-02-22,215.04691100131353,0.6528393066026333,0.33167989496312544,-0.16895472273171308,0.033268921130240624,0.3654776135189697
2022-02-23,218.05437908600467,0.6556533488339169,0.4777793402643674,-0.4604349735377098,0.026183590985130678,0.43035946586473317
2022-02-24,218.40037467703974,0.6310617249564225,0.46365638553567357,-0.48157599080631497,0.04170212138705906,0.45094196051551044
2022-02-25,218.46082824122794,0.6578628561729134,0.4469149344689607,-0.23497724555241256,0.02282408174443177,0.3510837183252263
2022-02-26,219.61897313176448,0.7974618812844574,0.49241738902370363,-0.44519031734889375,0.03902888342778489,0.3917837743754386
2022-02-27,223.1239186209709,0.7219642659945686,0.6686499052176312,-0.40702883640775384,0.029634619898161744,0.4673817686808809
2022-02-28,219.152517747424,0.7038313470984463,0.427970140044003,-0.2312780923177714,0.041407994019250105,0.4223883552049526
2022-03-01,222.964290485663,0.7173627907671671,0.6263828849124948,-0.72332526971164,0.037419526954273793,0.482378852048554
2022-03-02,218.7837838764845,0.7133102069075788,0.3278091642914107,-0.34977669597034056,0.022165748255725745,0.372047500063713
2022-03-03,222.53219225121484,0.6500952344106801,0.49665681713097737,0.011784462987431465,0.026269285709705915,0.4853713691407628
2022-03-04,224.26487856684187,0.5635207618643664,0.5521568937344263,-0.6770297037976702,0.03732778063166307,0.3960277345204329
2022-03-05,226.08529026259802,0.6620704837336028,0.5958315865325271,-0.9462457228154018,0.04020565504527901,0.5417198737501342
2022-03-06,227.28961483824176,0.7136233341776808,0.6086379056487975,-0.8915078222647861,0.033553825735435805,0.37507587634596395
2022-03-07,227.88713432796322,0.6255467521006163,0.6169730988030837,-0.4246036825179913,0.03312575291000481,0.40706959636113776
2022-03-08,225.89626968517507,0.6511997974193281,0.5001507911982884,-0.34237623433062714,0.03537076864318814,0.4708836192714203
2022-03-09,225.789732183115,0.623919562939038,0.4875670840762812,-0.3706996727096771,0.031522711053073825,0.53196837098251
2022-03-10,228.21601981467975,0.7499426242327106,0.623676347004617,-0.13302598567110652,0.024123103362173163,0.47811978650627024
2022-03-11,226.3720402865275,0.699613357492748,0.5178375560201658,-1.0306948974898504,0.027986466751200843,0.4799266516111362
2022-03-12,224.16525096524995,0.6792124830240767,0.38862876659898893,-0.1730566680115863,0.029925549212376414,0.43973972174355186
2022-03-13,224.67941986978647,0.6797881095749927,0.40590036599120116,0.10622929425705252,0.034958073978940546,0.38927011389336047
2022-03-14,225.12950253986017,0.6499047668747745,0.4313935791865075,-0.5839206966534838,0.04026883515928343,0.4186324405066818
2022-03-15,227.88792278746726,0.6802827080045954,0.5867074489851688,-0.5056468422370919,0.03734397425172595,0.39807525889945305
2022-03-16,227.45069845553977,0.6066790225564797,0.5494854298591291,-0.5728627802085455,0.034035860472355864,0.3910130445970693
2022-03-17,228.94139852472065,0.5630320651127145,0.6029513670853582,-0.6456524684791329,0.03781209767334676,0.48038258267452316
2022-03-18,227.7340616261507,0.6655410070397225,0.4836412543539282,-0.4201143793035097,0.02684222085824139,0.39220522633099475
2022-03-19,229.78987885272912,0.6817401899135609,0.5461723091662811,-0.025449295495270585,0.02937497408673835,0.4705949312527962
2022-03-20,231.98574537907723,0.7314443008938596,0.5915089372715902,0.04529041278176699,0.02574681184591963,0.39405975611610417
2022-03-21,231.30852120068164,0.7374035669013657,0.49030646747706136,-0.42719933349397987,0.023474053735433646,0.4638497977535439
2022-03-22,233.75847245899692,0.7469231144310552,0.5701932515092321,0.0771297774596551,0.03224628407394857,0.4325851967027751
2022-03-23,232.65507327196343,0.603276538545401,0.4431476517507902,-0.3013092369793969,0.030930335760288214,0.5146455418576112
2022-03-24,234.59537414951413,0.6394159160115109,0.4752430646583293,0.10575261141443976,0.032833120337384794,0.4637102512447862
2022-03-25,235.29632555884544,0.6803712988262235,0.46962153360128805,-0.3520597359342746,0.03367379781703854,0.5087512980098359
2022-03-26,234.3360733712285,0.7704069289007214,0.36509745844677044,-0.2228037644012032,0.029809082532382954,0.39872741002341744
2022-03-27,239.06883249751874,0.740986523116776,0.5581796910923358,-0.2993571656039264,0.03487529224377376,0.45862513612144196
2022-03-28,238.12999095539303,0.709659731539383,0.44741561199553315,0.48152249144501064,0.026665287226266814,0.3956872032937394
2022-03-29,239.97529263022858,0.6405123587666917,0.49918130453463505,-0.13660551946304725,0.032508116258306775,0.4292378683162426
2022-03-30,241.96211077799387,0.6213591561910674,0.5459928145735311,-0.5590111026893376,0.02786199917523759,0.44149407032012167
2022-03-31,242.92407305553405,0.7040161185342342,0.5380893697089361,-0.13441309122729073,0.03282401379391559,0.4175160259365367
2022-04-01,244.17897015644473,0.6117656539703135,0.556655976516929,-0.48011731783293565,0.03614569600454401,0.39489045470940815
2022-04-02,243.27179114506808,0.6441744231159086,0.4674686722076971,-0.44966561627069024,0.026680437925248136,0.37607100103813706
2022-04-03,243.15065613034415,0.6450161066295601,0.4229583673304687,-0.06892051715830028,0.02893061450024081,0.32530843094767703
2022-04-04,244.5958732690842,0.7346996243606085,0.45878349920390105,-0.31337705249994247,0.026354162242523824,0.3930610267452172
2022-04-05,241.2161172565509,0.6113542926759048,0.24240964853240554,-0.10004277534473235,0.022875945928374494,0.4556156596868328
2022-04-06,242.4710276412187,0.5103235274479558,0.26905007813822207,-0.1848387492304323,0.02001722342860541,0.3469800812131581
2022-04-07,243.9965231894049,0.6587189259464139,0.2791391130274209,-0.11125159746783593,0.034224915744408925,0.35950776899007686
2022-04-08,245.72480395339,0.6030115049169706,0.3163549797680583,-0.11520701147860352,0.03359823575308848,0.5211804265384516
2022-04-09,250.02711600942945,0.660281305938488,0.48458128930500516,-0.8234486356898574,0.03520109259876994,0.4166333264380878
2022-04-10,247.78642421839828,0.6333219244950717,0.3138096628098167,-0.05302359681448829,0.03875221649643,0.4474332667392235
2022-04-11,250.04789479778495,0.6314209264621302,0.37588438544182234,-0.5086239247668508,0.02837828094107564,0.46970429586920703
2022-04-12,254.23002372494673,0.7071465731990823,0.5635795342487263,-0.7550804578639612,0.05119694793100042,0.4894842599139367
2022-04-13,251.33258358038088,0.5669591517487726,0.3633532972200665,-0.2689501190187171,0.027135713562419613,0.3602196181916037
2022-04-14,254.9689241647527,0.6329099317502695,0.4896720249832297,-0.32177516665964717,0.03212068509934949,0.4374142185033485
2022-04-15,251.95754800825662,0.6664609002797031,0.26882503853195006,-0.3615540681154352,0.02503203675284838,0.34597114037727544
2022-04-16,255.16472757052847,0.6123288090401033,0.3586087317276813,-0.04326814779238333,0.029786049003317702,0.5581767661182844
2022-04-17,253.96566832136168,0.5493891916891428,0.24857939293867878,-0.5095493666498019,0.03262075651311701,0.34511417609308787
2022-04-18,256.6036747727514,0.6722619408865752,0.32361811436448673,-0.32826861724828044,0.027438630139381408,0.3799698004929577
2022-04-19,260.42167677006415,0.7118507882293726,0.4641338058941312,-0.471112197859142,0.041378716218527976,0.3943833378473379
2022-04-20,254.38385321456832,0.6105721606620444,0.1068493420349569,-0.08644135700930466,0.025382542633692648,0.3358519103673517
2022-04-21,260.9865708316238,0.5497122263650349,0.3979542190709299,-0.20885188218784126,0.030415694806663535,0.5074251173949202
2022-04-22,261.3029251435412,0.6789561629880814,0.36381396377617137,-0.5066430120492061,0.02387252518421405,0.557503791431792
2022-04-23,259.5425002058547,0.5459360090106422,0.24108669234688854,0.012309984721235095,0.028078057380673205,0.400321213269058
2022-04-24,257.465669892787,0.6282854831575558,0.10704599429289641,-0.05918160392135255,0.02303797701676095,0.34468344208706914
2022-04-25,262.1990582822943,0.593243320519389,0.3134709313041418,-0.6924162152408768,0.025450753501594446,0.31950081819411313
2022-04-26,261.21438232033995,0.568361174157202,0.21960948704625308,-0.643374501031635,0.022904067182799956,0.40975551277852024
2022-04-27,263.9529385415606,0.6157570199485636,0.31543767335456757,-0.22388619458052508,0.04364302113218417,0.4157254961773846
2022-04-28,264.07098424566897,0.6240119666179013,0.2764737036605358,-0.24877342200896357,0.0255413033137462,0.39508256404804637
2022-04-29,269.0037675860721,0.6241527861261538,0.4696933220456349,-0.3546403538256028,0.021665424930136953,0.45803809490337494
2022-04-30,264.6291767085456,0.6556755561911531,0.21866993566996423,-0.16006456910152947,0.021725566067021952,0.4416256507077707
2022-05-01,262.37573506227363,0.5888627198758546,0.09305157332330188,-0.008746141448766134,0.023121350236766595,0.4254593202292252
2022-05-02,266.5627854448732,0.6797898205060775,0.25650230768738663,0.05736078708090431,0.02889834497446851,0.40984398717031434
2022-05-03,266.61791307689276,0.6442415238111098,0.2515238794077986,-0.45384294081484855,0.030801848435399733,0.37007129646206677
2022-05-04,269.8752009490578,0.6123935842670281,0.3939287049736961,-0.5687429917067859,0.0340263599938069,0.47268452538770545
2022-05-05,268.2678613731747,0.5945278767377259,0.3152072577445011,-0.4939760448929964,0.02468841288248492,0.43214641374552665
2022-05-06,266.97895485036736,0.5462285747180992,0.23836158058725973,-0.09462393961890508,0.027995436514923085,0.46825403430045853
2022-05-07,270.1082323199843,0.6598667821354485,0.37775102701756136,0.04681112574931845,0.022222800766301037,0.47727888017536774
2022-05-08,262.7801690541354,0.5808356304859439,-0.011958267929068452,-0.09946407200952971,0.01867869155029355,0.32891189654764424
2022-05-09,264.9689618320157,0.4884383958020668,0.058734768377021324,-0.6665392989038286,0.019705562998711425,0.334162366464822
2022-05-10,264.6599847747767,0.5737168356990405,0.00418816114592147,-0.42892992845473893,0.01655019587577063,0.36264178017756576
2022-05-11,266.8613229399182,0.5637070868870178,0.07298990291471207,-0.25935211273930137,0.030494863244920418,0.3544857198769378
2022-05-12,264.4656513587102,0.6684321127263899,-0.08626472401785899,-0.0790469150613024,0.02644720095072505,0.43776258879880503
2022-05-13,271.47659295902065,0.538978293021935,0.20097686347167104,-0.24278096124385135,0.0318271282025321,0.43766317014656303
2022-05-14,269.3833961106312,0.5355576333426555,0.06354311107798458,-0.03483489700935993,0.023328308316224466,0.461313510797064
2022-05-15,266.05346075219666,0.6393801020515878,-0.1343198341974766,0.016087301232621823,0.026596502538904245,0.41982434087054593
2022-05-16,267.9895224817334,0.6584630965253352,-0.07812551123219079,0.31702276049838535,0.010205013932081411,0.4104324790936685
2022-05-17,272.6095939778725,0.5758621645523925,0.10926092907228852,-0.24548697677094414,0.029780125796786946,0.4709125819244374
2022-05-18,274.19743660621754,0.589424872795706,0.17524303280126255,-0.3382496128297695,0.026995019780157264,0.44101067026687873
2022-05-19,277.85644379426975,0.6700671385174964,0.3271280724152565,-0.10927076606056413,0.03110493041461889,0.4361178554134116
2022-05-20,280.6367953254118,0.5358404762951309,0.4349622178533037,-0.6883840699788424,0.03319234464429603,0.5175188734818646
2022-05-21,274.0801323823308,0.5165183067782432,0.07981659169600806,0.04155131214279491,0.017108808285396137,0.41374070332724033
2022-05-22,270.1397684977234,0.5690825709114812,-0.14067299204986,0.12410939036646872,0.012517857078285417,0.3847829697541039
2022-05-23,267.5148645548246,0.6399311892877115,-0.3130278251562066,0.18225885512980272,0.017006606181126278,0.3581088370611175
2022-05-24,276.3031633051052,0.5812438296100318,0.025252783486407342,0.3793920783468305,0.024319577817036288,0.4376765513009113
2022-05-25,274.04801602820976,0.5874698521323578,-0.14647489545333314,-0.05301943450634629,0.026352427731157767,0.4618525270921235
2022-05-26,276.1083105387224,0.6449102135354813,-0.09816041743932742,0.5837868348385488,0.011690697014629232,0.39747062992832854
2022-05-27,276.4520890655697,0.6888363897682868,-0.1375653907968379,0.0399379112507617,0.01595373703261366,0.46539578118899194
2022-05-28,279.0317440013166,0.5618080561452018,-0.07791266831152087,-0.26471524342449243,0.018695388062549802,0.3014992484014212
2022-05-29,283.8473205270343,0.6102574156268669,0.09249376511281836,-0.04726574033026652,0.02143249841006397,0.4064767077708861
2022-05-30,281.1924757263156,0.6846742358145177,-0.05357104377186972,-0.23156156943938322,0.014737733490699538,0.39799525439477823
2022-05-31,280.65124202411084,0.510640410236442,-0.11041355003322041,-0.11064947693012078,0.013908489825914375,0.3636502813796327
2022-06-01,277.9719055067719,0.6217462174116618,-0.24694030096691078,0.2721165356807103,0.016006615522250953,0.5191930518990937
2022-06-02,276.2243087644707,0.5079149696635019,-0.3430771143202934,0.3790495021867366,0.02106999609854807,0.396690368365562
2022-06-03,280.25047607998226,0.5827423182167792,-0.18651083448648786,-0.02498434092302304,0.015016350536151721,0.37961346141977836
2022-06-04,282.03935745511,0.5719948023937466,-0.13228537696866463,0.33945105013966537,0.019997230031943126,0.4012981056716753
2022-06-05,288.3188335714914,0.5677477129930912,0.1304024419012726,0.19809523017439268,0.0295251772521819,0.31289955726383584
2022-06-06,283.28467873429616,0.5361170676830678,-0.12273196611682062,0.4449878154225972,0.012518240426699516,0.3620066037327543
2022-06-07,286.79147355740906,0.6133232642111442,-0.00414545001286201,0.13525516679043395,0.020223579954951134,0.44916199847227023
2022-06-08,282.1626703857559,0.6220947324483505,-0.23068528299819682,0.5023368761201624,0.02629272839331796,0.36855273225336127
2022-06-09,280.3698109338713,0.5535724281930461,-0.3328396803960727,-0.23721183071626356,0.02042183159280285,0.35855624185998647
2022-06-10,281.46224479269887,0.5662463299695196,-0.3104943997261765,0.13786944265120787,0.018009971880374308,0.46547628182572004
2022-06-11,282.2791031371493,0.594377851094165,-0.28484043516989493,-0.017363009461930118,0.02905041994519795,0.4670127200475915
2022-06-12,291.85995332340894,0.5666365881578765,0.1268127234043714,-0.05896244110121196,0.022300555205158498,0.43853079594849426
2022-06-13,282.1339424086101,0.5995870942863568,-0.31164609278574484,0.07528996015083705,0.028326378072662396,0.37724413329806666
2022-06-14,287.8396860342985,0.6313226436725883,-0.0803709265033249,0.014720188064894335,0.024514915846972768,0.38802644674418385
2022-06-15,282.65361470888155,0.6899566549895713,-0.3352054995662432,0.7051875697473826,0.017512331232637214,0.35979250192125206
2022-06-16,289.40518694894234,0.5715923765991653,-0.08002011560712932,0.013584131819895949,0.02482380999827403,0.3502613440485678
2022-06-17,288.3333566642021,0.5570502996310054,-0.16704675237990116,0.22038080596348428,0.023055173141856955,0.3477791755845784
2022-06-18,287.0877210539998,0.6083754577899559,-0.25060696490609397,0.11735754295320697,0.02765801006871578,0.36909727966073963
2022-06-19,288.3152448209226,0.6121723336889391,-0.23985728963889835,0.18682842473643724,0.017971188326618582,0.34826395046576275
2022-06-20,286.9665822041118,0.5336898397985785,-0.32963168777154833,0.2322463515491017,0.021334600980435672,0.32181474407284255
2022-06-21,291.066420957537,0.5581567612114282,-0.18070920785057806,0.2385774619886945,0.02069429930787068,0.4109701334876953
2022-06-22,288.254458253163,0.5895860017208535,-0.31225450158373746,0.5099050349954104,0.024345404035821736,0.4117297790446719
2022-06-23,286.0127981321587,0.5086321828081032,-0.41657170962636425,0.7034486961392873,0.013422715875745107,0.48503963792141586
2022-06-24,285.62631581800673,0.5282531675748672,-0.4268344418698503,0.3761891297861869,0.02666428877700224,0.3665830815822649
2022-06-25,290.1114813449058,0.5759027761971778,-0.23814051809369932,0.31408508417449005,0.023581377131159306,0.41480502948116355
2022-06-26,295.1165270644771,0.6454892200110457,-0.035897618583892524,-0.262587794287667,0.015125307105734825,0.4156356289637401
2022-06-27,290.98903122612984,0.5400881519325095,-0.24734931048761172,0.15117533173742304,0.028649440511015506,0.3873081219437234
2022-06-28,290.65443073645497,0.47315274406360747,-0.2894002736238244,0.43765255775757433,0.033757771429866766,0.4372166794374838
2022-06-29,292.85006284170146,0.475855144218557,-0.23595818671277025,0.3816628903032275,0.026554400930535252,0.43876145934253574
2022-06-30,296.9906653748696,0.5262075936726852,-0.09018127493340071,0.11602932565214305,0.030099862919037917,0.416370554759877
2022-07-01,293.79676731157895,0.5042646027083236,-0.2506417615139958,0.39704772295178514,0.021002548089074955,0.38721801474761025
2022-07-02,291.9264977007039,0.5515818584858462,-0.33906336319298597,0.36003603148354485,0.010649987396552736,0.3821234945722733
2022-07-03,297.1705390791751,0.525332214156888,-0.12686481802693078,0.3888819371836819,0.009453693471525651,0.33161230506014705
2022-07-04,294.92109848257564,0.5376259270092504,-0.22696937499741146,0.2312183517374658,0.02262175569915445,0.35970411106911543
2022-07-05,299.47997985201073,0.5533322101563677,-0.06636246328774809,-0.042470854591335004,0.018617908501893893,0.36889962380491564
2022-07-06,295.41144124734154,0.5462766899373168,-0.26414930850236185,0.2688648301849092,0.015462269362000406,0.3438014118785283
2022-07-07,291.6694069874882,0.6123215139379795,-0.44836418865147126,-0.41879366190716405,0.023207174578824392,0.42199619833438323
2022-07-08,292.5296415047002,0.57718738317035,-0.46591663584313103,0.4218630791864541,0.024099516469598303,0.45983139344935053
2022-07-09,303.84200373196114,0.5945335730273076,-0.05227414780410547,-0.8755113028408221,0.016100108607545967,0.35459687838354254
2022-07-10,304.91941545582375,0.5719764351009173,-0.04143542391700605,-0.40186105510945025,0.02083289518296005,0.41417207178723187
2022-07-11,298.68593613055344,0.5404731551710514,-0.3155434333149788,0.3338225535557312,0.02977141882742319,0.34829444302351453
2022-07-12,298.5708870010048,0.5753110070996819,-0.3423026366492975,0.3589941799712071,0.014170958626698725,0.3847538914530419
2022-07-13,305.38612775640263,0.6197281466174747,-0.07900255875116534,-0.23530540390916688,0.028142793652729026,0.36548352104111126
2022-07-14,296.8797305880334,0.5026856609759172,-0.4327788643254399,0.12491969455807322,0.01859451968127779,0.4300947824303221
2022-07-15,297.8697394094102,0.5531814886866417,-0.4053545757839157,0.626383450202274,0.0230525349001695,0.3660605913078911
2022-07-16,303.66896222007506,0.47500903673842193,-0.19508320690355552,0.015550711939319811,0.028521767209035417,0.45058302068533235
2022-07-17,300.56225272532555,0.5700824419576673,-0.33752706042385444,0.7969990203974444,0.023798267753059543,0.38771396131689007
2022-07-18,302.454970465778,0.6041872714605816,-0.2826682553112728,0.19738781542380443,0.02667550317612014,0.3675198145202585
2022-07-19,302.4548304472111,0.5497539921400673,-0.30202147096574117,0.31342407389633553,0.013876243229856953,0.33733473688274185
2022-07-20,304.89622261734803,0.6632799760706081,-0.22955311446997737,0.5649057797536361,0.026635525269305144,0.4126602255147675
2022-07-21,309.36898295716213,0.5475428923389096,-0.06995987741073197,0.08172869323586726,0.01655765248409002,0.444760920111309
2022-07-22,305.1599812732965,0.5798891650015536,-0.25819046469674456,-0.06985266988497912,0.023836207706464184,0.4136660628268437
2022-07-23,307.93135160075377,0.577136126601384,-0.17560530054431842,0.09549184745745036,0.02316866652739827,0.5119415833207213
2022-07-24,300.42229570184355,0.5324782060898172,-0.5208909211501036,0.3557209607575497,0.023544977805750614,0.4714893726235209
2022-07-25,307.7772181852004,0.5623065947167294,-0.2664774740252767,-0.15465118123269767,0.0246354597891296,0.3846236117641492
2022-07-26,306.23471461299283,0.561030536451745,-0.3693726254060708,0.19460281994904371,0.016168408459592828,0.3840986283096466
2022-07-27,306.199161818192,0.5928387100345233,-0.4129935594888473,0.10354746814283394,0.013488079657618134,0.42348483597426767
2022-07-28,308.153108456355,0.6250465048047444,-0.3653358917416068,0.48682456351598324,0.02542732209267471,0.35809904097871575
2022-07-29,310.68395169887566,0.5653614194943845,-0.287717235670063,0.210055033515358,0.022286930764005963,0.45831441532662437
2022-07-30,315.92800824640756,0.6284539125201039,-0.10259909240398134,0.0011204273958944216,0.02889177933803871,0.4180800260921792
2022-07-31,308.8203095801952,0.5159287569213312,-0.4081907980444143,0.25918807597544596,0.02071745857088925,0.41282294554292664
2022-08-01,314.370080447323,0.611885419360807,-0.22010294396253816,0.2098525653753182,0.012741712331213611,0.43434768338854085
2022-08-02,313.1490008425676,0.5275352225362271,-0.2863766772701952,0.35466722401158157,0.026434745442212988,0.486141494168453
2022-08-03,314.24211247357084,0.6235101804023905,-0.2585234700168005,-0.06896162815558501,0.020053186403237874,0.4085477676093753
2022-08-04,319.9539136420081,0.70356726710504,-0.058039806371849766,-0.21976904369502312,0.024917212430252363,0.3943479814564308
2022-08-05,318.68138561780773,0.5794806433639673,-0.12012635197885875,0.36025825023583363,0.016733477478310946,0.47543598116612895
2022-08-06,322.27303180434586,0.4911536991814647,0.006507281015292347,-0.10763931476188729,0.03239232156213189,0.449028248901086
2022-08-07,317.21523607265334,0.5477917625996487,-0.20670492281758412,-0.20951707717690965,0.017566627922102944,0.3839510079808139
2022-08-08,315.97582493598196,0.6284935617062385,-0.2758349584018891,0.3040376482270985,0.018795408465240335,0.40025932243295104
2022-08-09,318.2124775311876,0.6034658981432444,-0.20156617673348184,0.256938775221609,0.0216389720402987,0.40976904579693996
2022-08-10,321.0055159216002,0.5973806717732558,-0.12554173467079635,-0.29479960004461914,0.01659309146388182,0.4180906472302492
2022-08-11,321.9176885694333,0.6351938895549883,-0.1269960686896133,0.14626767694863088,0.023402183444069087,0.3321700074530443
2022-08-12,318.2976147617842,0.5883649211899195,-0.2988145897708474,0.39306598594668657,0.03017546136782615,0.32287576960992204
2022-08-13,323.85801988697,0.6461792692373505,-0.1225582511267187,0.17938738871526885,0.018347276556624846,0.3556304988998773
2022-08-14,325.5206163334245,0.6347816295974864,-0.09324628529052462,0.22326777064371606,0.02349233521161602,0.3517630778494329
2022-08-15,335.1593181398689,0.7064940858486168,0.2534088600980748,-0.5284534765913396,0.011241312717047154,0.3931496853111824
2022-08-16,333.48868815962226,0.6384159201146844,0.17063429932809804,-0.03668397078061972,0.024472609384049708,0.44879896203731
2022-08-17,323.74105217530405,0.6184063311593359,-0.2238053242946821,0.08100878713866584,0.019798418098824662,0.3915535421837631
2022-08-18,326.8323653959293,0.568767869155151,-0.13229814325466444,-0.02808883940289611,0.01720134020365311,0.40981973025050944
2022-08-19,323.3087253457376,0.5350105870213038,-0.29096977000621543,0.42131774135928246,0.026896542908745356,0.3387848294978869
2022-08-20,327.51564591087066,0.6664527116383863,-0.15738058652135337,0.47998503823350486,0.01825761139910058,0.37691788985395275
2022-08-21,331.86046094779886,0.6092995393904332,-0.012589120214176089,0.457404897800013,0.01922326798538617,0.429362883087242
2022-08-22,336.15826334108715,0.6559043795242737,0.13050292692629037,0.237349919028073,0.020762422334532956,0.44279791560146914
2022-08-23,329.28098181733816,0.5884908660201258,-0.1474677891703648,0.07579390701170943,0.010196508363074784,0.36377130859060464
2022-08-24,330.62317819401136,0.5555457906072729,-0.12607022372274082,0.17642919736250434,0.014509596878362566,0.4080831193189777
2022-08-25,326.408464144981,0.5612486970099108,-0.3275037301600768,0.42095832905811464,0.02617561105482229,0.5099423926741167
2022-08-26,336.06603532996485,0.6680166624942862,-0.031525319950829196,0.05236221129044592,0.009131038486217276,0.3991201035372181
2022-08-27,334.37678427422,0.6092403083086801,-0.15434746171075828,0.1407342701754169,0.016842858147588433,0.36534065269287774
2022-08-28,338.25773994873526,0.5066805806181679,-0.0645480116275759,0.25112189110834865,0.01861778779598688,0.39131188053189203
2022-08-29,338.2721917015307,0.5766065460798371,-0.105260259094626,0.058861519859755136,0.03222655666299025,0.40460885537634167
2022-08-30,342.45529896117836,0.6918649714945856,0.02291901549458304,-0.1983650449396235,0.027738622034708952,0.39473348251493084
2022-08-31,336.18862676846084,0.5638622260310469,-0.2120660906371284,0.04482799698702522,0.018477784865357415,0.39843226496617495
2022-09-01,337.7947833339297,0.49089177498352393,-0.15903575358139171,0.26980262194040977,0.028773317521697442,0.327827660153158
2022-09-02,352.2771125615628,0.7392616078237596,0.37174302960527,-0.25947179792370006,0.024148256205303642,0.3890427792062294
2022-09-03,339.22821108420237,0.6209011606616283,-0.11015387357509428,0.16216020571965045,0.027411584365108415,0.39253323814642516
2022-09-04,340.37860544031133,0.5880527760807517,-0.07038817482173562,0.2167915329257624,0.012992904955616608,0.3917366014988782
2022-09-05,352.601196125568,0.6250679390873246,0.3636568824285671,-0.34827018342439936,0.035233762476353264,0.4080562244998567
2022-09-06,356.77830152687864,0.714439923436352,0.5026860578897098,-0.1628181996153453,0.027749067142066222,0.44141792648514916
2022-09-07,342.73977590850666,0.5672652628203296,-0.04696305973633953,0.12758479268003628,0.015321386551559579,0.4030507427707103
2022-09-08,347.36804719662575,0.6676028696231524,0.08491706997794173,-0.36814522071242883,0.023380367538369362,0.45296237982402043
2022-09-09,351.80107889503955,0.6511665826907235,0.20047348670425527,0.2202447571035824,0.025804162050886894,0.41508676190912297
2022-09-10,358.17717283130474,0.6601619744735676,0.39939898499333487,-0.4047654754345634,0.026558570541903487,0.4598950587642462
2022-09-11,349.1572872097037,0.6105428655565523,0.027226044081437695,-0.4328320666533023,0.027362853250008166,0.37564258933644773
2022-09-12,353.56977291656403,0.6091283895970164,0.1489732619393783,-0.3655422107541404,0.022136981197451305,0.44350211237386195
2022-09-13,359.10235555735005,0.688888590621269,0.30505487175671403,-0.4687997003992803,0.03204697338085756,0.4492920020562893
2022-09-14,358.9833943400507,0.5889557149886128,0.2685238049475373,-0.17492333379889272,0.029373832612156276,0.47014323065374475
2022-09-15,357.2086618177527,0.5385462651379456,0.16368767899546752,-0.18304400168338655,0.02481388377672658,0.45204179102177117
2022-09-16,359.17043770898783,0.6559047666210615,0.20985633730364747,-0.23110742802270143,0.023407866944209783,0.4504224148744221
2022-09-17,355.0345704962027,0.6361566253044652,0.038289240842565235,0.12812302278082408,0.02297387727705663,0.3989080536513675
2022-09-18,360.9033170212381,0.6500178874026638,0.21671524814229526,-0.06673183340143071,0.0288187829970629,0.43391848616645295
2022-09-19,362.175996927867,0.6472022697998584,0.2234654276579709,-0.07741383169950806,0.03803181455935888,0.4755219891883734
2022-09-20,365.05323679112007,0.6203894761661777,0.3034707923587924,-0.10997244031898148,0.03262670938117762,0.3977433507657396
2022-09-21,362.8234771055535,0.6637948849388654,0.20350624766324285,0.011579293636289567,0.030862218309257068,0.388930235831481
2022-09-22,367.64350111697723,0.6403589358816404,0.3553070184947291,-0.7757032483906712,0.04846161269331679,0.4446022717469911
2022-09-23,370.4300912640215,0.6276131782503719,0.4330738024260896,-0.39426122476437797,0.03309196976763454,0.4640713647558816
2022-09-24,368.3035379006869,0.624341258673011,0.33279853571484225,-0.778011491122758,0.0325060945910416,0.392074528608284
2022-09-25,370.2202462290196,0.7452018988673395,0.3680826160712323,-0.24864284955041377,0.032719899676703135,0.43307013343645784
2022-09-26,370.50054570081056,0.5538374131320767,0.3382184769529035,-0.23791117692311878,0.021953568491955164,0.4291219089838511
2022-09-27,371.76680045943095,0.6658498322606342,0.3405035587153687,0.023030577596661994,0.024352037535831407,0.32328635009136336
2022-09-28,369.8496599663853,0.5462037028838996,0.25132686887571304,0.12097978996728109,0.022251315430717945,0.41415298742463336
2022-09-29,374.60648501347,0.6425039782717921,0.3992970432328396,-0.22881416819989586,0.03277475072007315,0.4320638126808607
2022-09-30,374.121813301515,0.6208896660511547,0.35475866924053456,-0.3734213378175991,0.02770425542652232,0.4274612197829025
2022-10-01,382.27065095361803,0.5689866293286576,0.6103170346887634,-0.3059316461456999,0.03317102188906422,0.5318274171977397
2022-10-02,381.1408890893714,0.6873441717193711,0.5657691016473586,-0.5280177804842294,0.03894672190340166,0.3957869952392921
2022-10-03,377.9016066448931,0.6338542478160027,0.44046792438010485,-0.30867570992691057,0.03498285074561762,0.40281566387777984
2022-10-04,374.1638272352716,0.5310882563675612,0.30040477913019464,0.036250733849055694,0.025390806216817753,0.29943068799705275
2022-10-05,373.27748253891986,0.6732639469480144,0.26071285341084804,-0.3219418338849495,0.023135768944650456,0.40202545203237783
2022-10-06,382.03471673389384,0.7380137838278906,0.5521956244036987,-0.18511727727196384,0.037826707986885075,0.43543738473406984
2022-10-07,379.68700667300357,0.7291277827641872,0.45517971374465466,-0.14927545744818266,0.0340637486936961,0.42001911255775265
2022-10-08,381.17619714470635,0.676428685684461,0.48734053043239545,-0.5798363255853821,0.021762752876842633,0.5041179200174275
2022-10-09,373.54969403150534,0.6268399227939468,0.20447513220909244,0.10034093950798553,0.022788181206262515,0.4634783893377574
2022-10-10,384.3357523318679,0.7322532252263639,0.5487116181797844,-0.2094565463829728,0.032049552111025184,0.4587639980313437
2022-10-11,383.68890040516385,0.7445141031890571,0.503291032683768,-0.3268222510354732,0.03548499397130118,0.4317984505913837
2022-10-12,378.93380684840656,0.6945639462634543,0.3157125926639427,-0.41157967937167295,0.0337555504389967,0.4828807426717375
2022-10-13,382.0286685829946,0.6016008768098641,0.405647974344618,-0.49875508668512514,0.03163270576197912,0.4395769044426692
2022-10-14,385.240689658473,0.6699608506657617,0.499113400041797,-0.48379502425501353,0.034795297251377304,0.4089978380582568
2022-10-15,385.1908665294158,0.6796372343644836,0.4805118929159351,-0.20070970921816453,0.030384728350589453,0.36223875541736594
2022-10-16,384.7322990309503,0.5629651541082797,0.4453833546178434,-0.5506746400828398,0.026641742867621186,0.4224726107670002
2022-10-17,386.30103488758266,0.6802306682143512,0.47302196027760446,-0.2217373100393556,0.028400436265978712,0.4850343768863909
2022-10-18,386.6738661569666,0.7689299019519236,0.4606692554412848,-0.6329073610284974,0.031264189596131295,0.559893860021283
2022-10-19,388.4814625541449,0.6934038743754971,0.511725550712146,-0.40922503160821444,0.03101906562085353,0.4542530723806884
2022-10-20,392.83772734342904,0.7512231696766661,0.6462709633714857,-0.4249777357165378,0.021985089435970946,0.4263593205811334
2022-10-21,378.8422446140753,0.6292169837897655,0.1672603940277522,0.49420026044530263,0.020293830864524756,0.35747777898856453
2022-10-22,388.3915116268967,0.6540099303853856,0.48059038820480543,-0.6807421856234557,0.0319140964698111,0.4756567836357605
2022-10-23,390.3453658289143,0.682730253237104,0.5305556977754605,-0.0033853468202890147,0.028283656850748407,0.3648247671583327
2022-10-24,391.7854106304325,0.6248181311904135,0.5467455299136265,-0.3452612674427185,0.03004890543288569,0.4821918080616071
2022-10-25,390.7420862116858,0.6089636453249027,0.47627003905518434,-0.23059604783463822,0.03297837430057204,0.48851258421866406
2022-10-26,386.72679577360697,0.6998858241521728,0.3047549691142045,-0.18374150003289202,0.020824386556758164,0.45228946957306365
2022-10-27,395.4991602695936,0.735707232993196,0.559084298748917,-0.2801773045754336,0.021710287885732843,0.4449253462779639
2022-10-28,400.2089026382619,0.6330681836612045,0.6885291620047679,-0.5203916894938418,0.03215092773548031,0.49709994887781755
2022-10-29,390.56397164343855,0.6897653906113097,0.3447120865301376,0.12221408479326829,0.03126893083661077,0.4430181272094288
2022-10-30,399.7425021257856,0.6698479116017295,0.6182992531835881,-0.5469272632846922,0.04339266190629859,0.4229237332253293
2022-10-31,396.9497751841035,0.6767158496989595,0.4977118414536502,-0.06533964597274322,0.03441943433759842,0.5422918002641164
2022-11-01,398.6764763536875,0.6865039171748759,0.5291082100260225,-0.5314675270714715,0.023073048897702078,0.43532685202207644
2022-11-02,396.483548641192,0.6995966333052391,0.41565924915852653,-0.30602443601129026,0.02802794958672052,0.4803535399383482
2022-11-03,400.4423492411187,0.6643922566126782,0.5021362209959905,-0.6194859927697481,0.033274929783693646,0.32928290796481335
2022-11-04,406.7953456474371,0.7501244568280654,0.6634696421914056,-0.35067281944710393,0.03436547973507302,0.530170508358187
2022-11-05,405.9161781671289,0.6874380048808211,0.5997280241068743,-0.05852812764317855,0.03446559323488876,0.5334109896434165
2022-11-06,410.2290667780396,0.715142151176126,0.6994411462720788,-0.5089478473456687,0.0288658235447536,0.47143580398353985
2022-11-07,410.075238805839,0.6369155168291755,0.6548220533836487,-0.5075968620445315,0.03408427203404437,0.49342075707525285
2022-11-08,409.0419612934506,0.7783950065103866,0.5871837997928735,-0.6896829006219931,0.03572080698224074,0.4866441390596655
2022-11-09,413.17384613302295,0.7076062670278005,0.7009585072296011,-0.5479941184487978,0.0394644646690588,0.4379566722409239
2022-11-10,410.42425168928906,0.7061015750652303,0.5870975316497944,-0.809166837085238,0.028648675534197015,0.4860658684369465
2022-11-11,412.5408012475236,0.5944351543881421,0.623703707905993,-0.6648120922139019,0.03161084212465313,0.42193884729697156
2022-11-12,409.77484586896196,0.6199569392225422,0.5091003364708107,-0.2996737240022836,0.01457765495403816,0.4204721874648148
2022-11-13,411.85429245403355,0.7275956126287794,0.5475119019403571,-0.05350503192290096,0.026697722853478968,0.5110983473546507
2022-11-14,410.1516918019838,0.6696805110536617,0.4611329594919288,0.37950964366302564,0.024321378853803196,0.49484618048420304
2022-11-15,416.89749924093854,0.5805295162640884,0.6351541917127904,-0.5912542054666785,0.02753299401022149,0.42819664406548946
2022-11-16,410.351033408935,0.6998207309979906,0.3992186212399969,0.07937200429336216,0.028665129242841928,0.4032430449489477
2022-11-17,417.99545541061565,0.6464219983914021,0.6134261550753193,-0.3684601884523115,0.03227629621960957,0.42906278538464837
2022-11-18,415.55345814098985,0.7320301682631829,0.5122026580778948,-0.3963537723411203,0.01763505578222798,0.48785224413106404
2022-11-19,420.8071750020025,0.6730264038164204,0.6451515645550457,-0.34345748225699396,0.03429256363794491,0.4145159174149848
2022-11-20,419.9556836156625,0.6828000242939675,0.6047057499411749,-0.4078149040388326,0.027047104528527273,0.47830620694591514
2022-11-21,423.21389659341423,0.742333240478415,0.6948792629069377,-0.4588165526318017,0.0370537994124833,0.5068302668224085
2022-11-22,420.19555982644493,0.6268731962443503,0.5978987065590292,-0.5206123852979877,0.02519006317005624,0.45537759814124795
2022-11-23,411.6191170243823,0.589672330847213,0.32762226032425046,-0.578862997176688,0.02918172730120362,0.4832654108756715
2022-11-24,417.15970660865906,0.6512510677490064,0.5089665730742651,-0.7421829017825059,0.0304573674556188,0.43568114883293696
2022-11-25,412.69662408194307,0.685992323960122,0.3719473664921735,-0.09705193572421472,0.029784815271696193,0.42650195659952167
2022-11-26,415.4675162570203,0.5873454632551561,0.449077715715256,-0.3835294235221075,0.030947423962829203,0.3960454600149328
2022-11-27,422.61356146676786,0.5950933316476389,0.6541255136841146,-0.6069100844929218,0.032448691142099514,0.5162714187494217
2022-11-28,420.47054127556083,0.7094325955943774,0.5687212436848986,-0.3959784638986406,0.022819195702212778,0.4185461020195464
2022-11-29,416.2024466507326,0.6193965324143229,0.4128787336889427,-0.09028205035335296,0.01969008344729989,0.45877646425464724
2022-11-30,415.6776511355926,0.6244839077977667,0.3674600703648411,-0.21213106349878919,0.02484460092688344,0.4331802036801874
2022-12-01,420.54296741140575,0.5659353638859569,0.4897990331913761,-0.5068730573942051,0.0311673272317394,0.39634075016355447
2022-12-02,416.2222351443954,0.605503362204048,0.3287693993470593,0.07643465936929594,0.022976908682668856,0.4024217827435399
2022-12-03,419.1479304376567,0.646851667037719,0.3935835989106377,0.11928785650796159,0.03118012455645885,0.5085019718431005
2022-12-04,423.85150184562707,0.7071194513104127,0.5050046535772335,-0.2298640936733501,0.028803341829526152,0.4605833424894474
2022-12-05,427.5947402112428,0.6320075517351824,0.5880755003909538,-0.16823697243764513,0.02569772614545859,0.4083500329707533
2022-12-06,426.2486113038985,0.7459966520235323,0.5260653834325622,-0.05775576919934072,0.02845316953586196,0.46787295271069085
2022-12-07,414.5346646234712,0.5826244048168722,0.14043505021551855,0.18422029395026543,0.024733027844576542,0.4067378034418246
2022-12-08,426.4072727812438,0.6233678242907233,0.4793534530831839,-0.18202262288007282,0.031859764669719036,0.6206376654205275
2022-12-09,426.1038437233623,0.730269467381845,0.44501324822462407,-0.1619225119885161,0.04058756173198856,0.458757516889576
2022-12-10,428.14130745613363,0.6679582648514505,0.47821047694378793,-0.20483219052402588,0.02596776032205658,0.4287898053410606
2022-12-11,433.3997721767431,0.6442860385602679,0.5990606250903897,-0.6936768562000337,0.0329463929455278,0.5309074583983941
2022-12-12,418.9979543432304,0.607778760330164,0.12946180740994717,0.08455752402793343,0.02616124450936314,0.3208943723763525
2022-12-13,426.9181514852472,0.707079945474773,0.3285522216472511,-0.5689400479347142,0.028846067245274238,0.43757122998378
2022-12-14,432.7761458372915,0.7295599989162841,0.4687488161250005,-0.5267740350687641,0.02795916851610984,0.5465963063465538
2022-12-15,423.7384876235277,0.579636882296244,0.17063784383130665,0.2064447762701072,0.014449780307121792,0.411253820165143
2022-12-16,437.4015897100162,0.6640526757085579,0.5514530517709442,-0.1759620955661115,0.0279034613210774,0.3684802529446905
2022-12-17,433.9346743866783,0.6545051365671193,0.4166441265311718,0.08019868384964546,0.021487338687036145,0.42186851443258727
2022-12-18,436.56867527788137,0.6065606645113272,0.4656055836429758,-0.39384250447190605,0.020123115996696164,0.5192864604122495
2022-12-19,430.83829004893545,0.6300418696620935,0.2735510191216106,-0.4795479237043193,0.02311271817438258,0.44615858172819967
2022-12-20,437.17692925287867,0.6535352080067145,0.44390887486774605,-0.3708455116750079,0.02379500700445195,0.40244808201114873
2022-12-21,438.2432325342713,0.7128213143506434,0.4650903366983891,-0.3000554113787288,0.03364452760476867,0.41224689331088776
2022-12-22,434.23995286413975,0.7025092503070565,0.351149990762471,-0.22605781444872725,0.03176293789212435,0.40712998551875645
2022-12-23,433.9806761188109,0.6244475524455638,0.3409001863626182,0.04478998923534269,0.021511186811790057,0.45214991283896167
2022-12-24,434.31671585552874,0.6295030698129271,0.33500605838306513,-0.32482184711900697,0.026719160416311713,0.5004104124852392
2022-12-25,429.55897912003377,0.6529759908610109,0.16467813131857564,-0.027266073972271876,0.013429753273484703,0.46908896377181614
2022-12-26,433.5463747049576,0.6013898348185182,0.25541047720723986,-0.4259441214037194,0.0244728222123944,0.44834165682618043
2022-12-27,434.50081403372855,0.6585873640033939,0.24296130347103106,-0.057493592918768474,0.02826803226810396,0.35771389234422896
2022-12-28,438.1471014750131,0.6322713127883167,0.30555530963981203,-0.21311157920145923,0.032372728452923064,0.36415890526430916
2022-12-29,441.65459536771397,0.5966395120301891,0.3759120076426678,-0.45059173992099677,0.025049938803417833,0.464253801824955
2022-12-30,432.11496562784885,0.5609735706711025,0.0734617192923741,-0.11038054404837508,0.029852792676061675,0.34007261703259273
2022-12-31,437.165019537581,0.6961021183138726,0.1979098626026456,-0.1845808404506573,0.01660454757366156,0.40851263520683434
2023-01-01,444.9585719271745,0.6406509935839992,0.4039338961763678,-0.3502925096577315,0.021919781373517806,0.45560091192694563
2023-01-02,434.059521435416,0.6917509234765166,0.08111015651334176,0.38605820100758165,0.02600279525295199,0.3512313158831997
2023-01-03,433.5452037656492,0.5810419897180653,0.05603168961509012,-0.06383368330753299,0.033122191205689426,0.3543900522435659
2023-01-04,438.3529087698324,0.6378158432862698,0.19379652691412724,-0.19663159638422348,0.028644083825563667,0.41467359946302185
2023-01-05,441.57329419340306,0.7522721448289649,0.27198590565044034,-0.7147528733578437,0.028292328615142776,0.4523811049412467
2023-01-06,437.6450130777812,0.5638686609892871,0.1394833185204263,-0.32119016095916775,0.01216347799659841,0.46702427037273053
2023-01-07,444.3797945060772,0.542715033886275,0.31338132401053154,-0.2851352829214603,0.015676642359583576,0.46169080413958075
2023-01-08,442.1316213088303,0.6925506181937163,0.2351759302446228,-0.33608632021539664,0.027600012006304953,0.427200422774072
2023-01-09,441.9558946146871,0.5850477503765519,0.2199017137183797,0.19149569874158345,0.0223933945799489,0.3846804336939855
2023-01-10,440.2524604058397,0.6187602174187149,0.16496279686688806,-0.1567084016558763,0.018461183213809414,0.36295092989446287
2023-01-11,448.184671447016,0.618189915033959,0.3957152129711533,0.04511041324975579,0.028148604323545774,0.41402766688065795
2023-01-12,435.0631106421914,0.6163648901054419,0.02463959214730111,-0.0018215559905187702,0.023067668303159733,0.42296073846375853
2023-01-13,425.4625611996788,0.5220555506440041,-0.2534803249725734,0.18674318658619554,0.026928086093485192,0.41683118533136715
2023-01-14,443.73929682557446,0.6224144182565065,0.2617618554222649,-0.20543241072371063,0.027556403358754176,0.3211810862559704
2023-01-15,432.9371888510013,0.6158561205365269,-0.055288714927498483,0.03965116335461372,0.029211844624540104,0.3607161485866249
2023-01-16,435.62578637030714,0.5514367891590501,0.015435278939694295,0.41889405550467884,0.02069550006365769,0.4617689054742773
2023-01-17,442.052087780898,0.5865554462470892,0.1796637310781975,-0.7056672934425428,0.026434756858827922,0.42192712549802674
2023-01-18,427.33601633218746,0.5510877961229312,-0.2628588516428515,-0.31638523995967366,0.02961081227283924,0.3291495543448507
2023-01-19,429.3723599836476,0.5013667417964713,-0.22660405410178938,0.022830130107224095,0.016038050061885554,0.5177910590799076
2023-01-20,428.2676585940609,0.5442390804344899,-0.2886072535464397,0.2056570479669,0.03807546125955667,0.3985529133842618
2023-01-21,432.7728669990442,0.5834177492321516,-0.18768398135827816,0.3039048931417978,0.02307201668513927,0.4192166979656704
2023-01-22,439.5018076792118,0.5777682768222695,-0.01878563415257567,0.13142174341367177,0.023762294277576777,0.41997623780225674
2023-01-23,440.1703481000623,0.5840346645407694,-0.019970923438703454,-0.08208183181305014,0.025478167792369485,0.3816202266919907
2023-01-24,439.02231487291357,0.5905026020845565,-0.07085261975095143,0.3043577571361066,0.032081636949021775,0.3636213159089303
2023-01-25,430.6197169747017,0.5281220750647542,-0.32575626511358446,0.4855782363676918,0.024952244891517317,0.506083749253297
2023-01-26,426.8395487757704,0.5803956489744856,-0.45131232765715207,0.3619330871778978,0.010982001676350038,0.45016029348088754
2023-01-27,438.4800407889522,0.6544879493604036,-0.1442579739973769,0.3416449749198741,0.02910504163564187,0.44109686005543386
2023-01-28,436.1481474027696,0.5487827884639901,-0.23331826605197867,0.23148410209441725,0.01904487588303914,0.4288144595859106
2023-01-29,440.89853935492454,0.6109431897165212,-0.11097268214470177,-0.06268987919442968,0.022893361972674713,0.3498341304819158
2023-01-30,442.24763436510193,0.5774441782005655,-0.08812470023085149,0.23614149991159722,0.013397084412601477,0.4638765095870137
2023-01-31,438.96164898282893,0.5961956873713227,-0.1839889990050206,0.15644557994818384,0.024536485683603053,0.35784336709941256
2023-02-01,441.68836422216043,0.6656276601205715,-0.10551097032992664,0.07419264091957038,0.017795527028894392,0.4141643399075323
2023-02-02,438.48013787970035,0.6019210121079651,-0.19593304202449913,0.505391522464543,0.020735630912537287,0.3180305047267716
2023-02-03,440.0696790876455,0.49156729019993173,-0.16468319049653488,-0.4974397987874472,0.022135811216845644,0.297957057467624
2023-02-04,433.50462971984126,0.5808419816553592,-0.3488149993082397,-0.11025054302412463,0.033989300807040615,0.41591456013265576
2023-02-05,435.9730076880346,0.6269190671388376,-0.28936766688844057,-0.09421023977168413,0.03426929181123489,0.3595450366402546
2023-02-06,438.0709321241807,0.5591009095164489,-0.24849401653038342,0.08313064967906697,0.021947320299589398,0.30054162143513635
2023-02-07,440.96897550170524,0.6292876105871876,-0.17078441432253383,0.05589704758426614,0.022160510652814425,0.4270304751473538
2023-02-08,434.8910348960748,0.5233641269296335,-0.3510841334397429,-0.13107251853544186,0.02028065033091733,0.5060040385525395
2023-02-09,439.60691659346054,0.49731214657577383,-0.2367574620676037,-0.080559284630384,0.028957579607690652,0.4694780129290031
2023-02-10,435.9699424775737,0.5644638944211282,-0.35495463767086527,0.03325782673871314,0.019893498497244956,0.3871341057367164
2023-02-11,436.6261672765704,0.47070967126061225,-0.3455541058506001,0.856243897114393,0.01669470687837603,0.4004422653348473
2023-02-12,441.41307354060007,0.5609261749310893,-0.22571062020192545,0.6084329210781345,0.025699464977112455,0.4443853128391957
2023-02-13,429.05341721853307,0.5946044537784699,-0.58114716128171,0.30386565847603464,0.017590820537892266,0.4561064009917454
2023-02-14,431.96557538396024,0.44261211213982415,-0.515831188107182,0.2701860090983277,0.02071827815806375,0.3828232140587151
2023-02-15,431.4341682815571,0.4707951002796071,-0.5435838327058163,0.09320768359699788,0.01214038051481997,0.40170888578622876
2023-02-16,428.6810419130632,0.4723628479686973,-0.633629498110198,-0.033491954629178144,0.026359059820660922,0.41503074033822684
2023-02-17,435.139411500678,0.5404922004650685,-0.46951505457819526,0.29944049160260566,0.03248199962620991,0.42769381601394163
2023-02-18,442.02010773994664,0.546168834034332,-0.29621105569464584,-0.04211525682475434,0.026495713735224777,0.39334617789943666
2023-02-19,437.11069338063646,0.617339419627868,-0.4384783288078026,0.28572219724995934,0.029658023846907914,0.3939957377465628
2023-02-20,439.82279870467386,0.6013511314483773,-0.38638570838506314,-0.12958146639132517,0.0174388312710833,0.4689916164877194
2023-02-21,444.7329640755459,0.5916611580978945,-0.2758540767127946,0.002604239121391766,0.023407528759233052,0.46047603512214436
2023-02-22,446.48153227840646,0.5771557314948467,-0.25104820185289617,0.21289051512273505,0.01550211430418744,0.4238705286718044
2023-02-23,440.00598757566263,0.5666019415187091,-0.4421628944211014,0.40106642554075533,0.019109962456947148,0.48595545350114644
2023-02-24,447.11183108116427,0.5252532624390294,-0.2637301649608489,0.2889791051580978,0.02550848922124559,0.38067771188867916
2023-02-25,440.8914971817482,0.5905020052916393,-0.43632093655159365,-0.024697590453143792,0.022709693958914264,0.4811486724314691
2023-02-26,436.9257953015356,0.4786655879837397,-0.5477683274858347,0.5971092617739747,0.011384196307056511,0.42712577217677755
2023-02-27,437.7661906419024,0.5784796529120587,-0.5274099731921065,0.16913405708401194,0.013439667239446043,0.5635513061107296
2023-02-28,434.1739493504948,0.584759150976262,-0.6212331177473295,0.5930776610749572,0.011584594478232228,0.3403759036608761
2023-03-01,436.0087291510247,0.542314275261491,-0.5685746236909447,0.39534256742911295,0.023444888152538118,0.36553273738913294
2023-03-02,437.6947462418602,0.5290927785869393,-0.5174714038746824,0.01813310794279066,0.03431084273091011,0.4209398914100274
2023-03-03,442.2203350498234,0.5738744008736296,-0.3845091211821165,0.19010695868218458,0.029423351894680753,0.4198617026489496
2023-03-04,446.21270660038516,0.424823276607705,-0.26750670739384386,0.27859563069163257,0.00953766957617388,0.49750694920875094
2023-03-05,432.8486308398239,0.53920061490213,-0.6326024668511917,0.5960630719144839,0.028389486766945308,0.3665812658350233
2023-03-06,439.85684626566234,0.5402727241972396,-0.45049646592308334,0.28010055178505366,0.026526409938165893,0.44524592593469425
2023-03-07,434.78422777161614,0.5244993548365987,-0.6080769959212643,0.8085986197951482,0.010052934469997067,0.45812315023409983
2023-03-08,441.45142376528594,0.5814112815100008,-0.4492945344574224,0.5663838668668354,0.018129995797300687,0.4352323916110324
2023-03-09,439.48082172761667,0.5335747757584264,-0.5223898180278098,0.3015093435195286,0.027402361427423742,0.351950182903784
2023-03-10,434.2340925679056,0.4607416404032856,-0.6854001397013039,0.6673105508251488,0.022969769130652476,0.4703879402627099
2023-03-11,444.9788589057069,0.5443236177664963,-0.4050520724352893,0.7669848220017492,0.011564738659473902,0.46146624656577073
2023-03-12,438.7612668072811,0.5336796401513828,-0.5808177837721528,0.8966935988362637,0.022805716494889515,0.4299792259895189
2023-03-13,439.2942738899166,0.5366034322189059,-0.5761938613345391,0.096335732728553,0.008790841151718864,0.41021738436044775
2023-03-14,437.7909122398522,0.5325601766949124,-0.6294649305778418,0.20899217361520156,0.01983906037429023,0.4113054005022186
2023-03-15,439.6828351120989,0.5808845006664654,-0.5923662631621861,0.785886080896993,0.026203451838739743,0.39606321038803116
2023-03-16,444.2566780136528,0.4882113877969282,-0.47905737126136966,0.07076989717354942,0.02182775734977958,0.4320392567126321
2023-03-17,442.2679615651788,0.5429174944415137,-0.548896069722739,0.053591965482997495,0.018792211831352552,0.4015567426472489
2023-03-18,444.62867203321514,0.605222641259501,-0.49394869726175894,0.2242155554084695,0.026453948308190024,0.35757375123236795
2023-03-19,445.20542178838804,0.4542815466483049,-0.4915656542069612,0.44915263531351923,0.026163702004515645,0.3475704177586204
2023-03-20,449.9776994854167,0.5638163676798379,-0.37638305299304,0.23786896044235387,0.028926310612838155,0.36239818731738543
2023-03-21,443.2838504285182,0.5024084096222484,-0.5693555439924947,0.23590797569334823,0.02631954675010128,0.4111066121274726
2023-03-22,439.9241052844591,0.5006145808929698,-0.6737491656947908,0.30307130055522624,0.02731176575636473,0.39865220817823965
2023-03-23,450.0,0.5054660490475675,-0.41077979826426164,0.10946159268180594,0.0259613453682156,0.4107671896644375
2023-03-24,445.18649328986635,0.5231952272239276,-0.5693936415920847,0.17869814194972367,0.022885891878603213,0.42504065667730556
2023-03-25,450.0,0.6434573949407805,-0.4050448815047063,0.8539396363723097,0.01976456588817508,0.3686339537041561
2023-03-26,449.6843704731157,0.4777112355710742,-0.49222705308387604,0.41893670495510194,0.018992304544551242,0.47328300841726745
2023-03-27,448.4091901552087,0.47576065896203423,-0.547990340950203,0.6052830022663267,0.012562597587999878,0.3866144586476263
2023-03-28,450.0,0.47551433515488356,-0.4949078028078437,0.22416609493575965,0.015386189954639983,0.3783286507609246
2023-03-29,450.0,0.6513127564064202,-0.29215131604154077,0.1580167519325663,0.019681054839054357,0.42411931186662266
2023-03-30,450.0,0.5440869974453669,-0.27330014398807306,0.012921605449062401,0.023397029412283766,0.3081744898812464
2023-03-31,450.0,0.5360272878343085,-0.5224229929025644,-0.2972309886980054,0.03179998178255563,0.36047327751385405
2023-04-01,450.0,0.5185622442079084,-0.510821739473163,0.013072898419247525,0.02169692801775583,0.4490536399345917
2023-04-02,450.0,0.504750744053562,-0.4002342668856954,-0.1724906831751119,0.028704058118246428,0.3131289035468945
2023-04-03,450.0,0.5150058149460325,-0.6103054393603814,-0.1352321369356349,0.029013548978366145,0.4558787098466578
2023-04-04,450.0,0.6647126665331948,-0.4849959479469435,0.04065741998833472,0.02044877908505452,0.47555682831795676
2023-04-05,450.0,0.6068889218392,-0.5226218684126068,0.6970742277342324,0.02315811171093923,0.3815272331088126
2023-04-06,450.0,0.49954070017843333,-0.48177007443294245,0.32613001017697113,0.019278675171869864,0.41459063837131555
2023-04-07,450.0,0.5603591087433625,-0.6001633034143483,0.7427552529703374,0.027409587623163374,0.4559543542425514
2023-04-08,450.0,0.4785672649146086,-0.6654716371006045,0.568575790195642,0.023757809773951987,0.37666054059782406
2023-04-09,450.0,0.4269837932793602,-0.7016485398194063,0.6867936843023742,0.01247342444260852,0.4433887760263091
2023-04-10,450.0,0.5767698572907205,-0.6183807382709248,0.20764226796350355,0.02215031325740298,0.36644256024346644
2023-04-11,450.0,0.59199666868428,-0.550066447065812,0.516034251494236,0.029990139197254875,0.37611988533334106
2023-04-12,450.0,0.5888631024209284,-0.5286625844288881,0.5522423676188082,0.018903818061258473,0.36003317678375135
2023-04-13,450.0,0.5473320443254893,-0.24312244344610034,0.026023887353847003,0.024582218124108303,0.4171323599597402
2023-04-14,450.0,0.5495101138064811,-0.35125916244516264,0.38576650636565546,0.02380445365172776,0.4578984526282775
2023-04-15,450.0,0.5672167297379187,-0.5855962328748958,0.5514643026561352,0.013773795119016604,0.3907943533941418
2023-04-16,450.0,0.5671792220085117,-0.43662983215744666,0.16825272722769194,0.02439751643856011,0.33643754200437986
2023-04-17,450.0,0.5180688622429319,-0.5187438682684656,0.08242859972017719,0.013308019410290205,0.3458646588856592
2023-04-18,450.0,0.4590460147166191,-0.5000032856456051,0.05397021697735549,0.01803058385455874,0.41972997106852705
2023-04-19,450.0,0.5529436147941127,-0.4395845409415657,0.3293355641394614,0.02718264330331045,0.4922058206697135
2023-04-20,450.0,0.6084322855615513,-0.3793183033354529,0.3472752795321457,0.022804710097217826,0.4196862499657199
2023-04-21,450.0,0.4813787510071572,-0.4895152878427909,0.14452924387547503,0.019599008197232017,0.3806551724674374
2023-04-22,450.0,0.5951090997655724,-0.3069072443185537,0.22148140635451224,0.023807047864917955,0.43830919834251425
2023-04-23,450.0,0.5487933155650839,-0.5648647432633392,0.5380395793189587,0.019673436244114075,0.3880250682206627
2023-04-24,450.0,0.585951353321125,-0.42963383200409644,0.45529136106919266,0.02037051588672047,0.3810857391317897
2023-04-25,450.0,0.636134748559361,-0.06220022022157688,0.43151018418572595,0.024314580685526853,0.3520770447152368
2023-04-26,450.0,0.5186802026684849,-0.38830446029372845,0.5910583302551207,0.01551316818402471,0.4704224422123178
2023-04-27,450.0,0.493236352827471,-0.21596397636901374,-0.0991480747308264,0.022637316276182148,0.27303960412521683
2023-04-28,450.0,0.526542250865873,-0.38984810708319134,0.6937902273427395,0.017724745267727972,0.4398929600139635
2023-04-29,450.0,0.6063419945013134,-0.31761976145864135,0.08958970688212023,0.012128976623704485,0.3768127531101232
2023-04-30,450.0,0.5257522639250185,-0.3928961741556906,0.5362455250225904,0.014516702614887547,0.3794829634274194
2023-05-01,450.0,0.5173952807100571,-0.39918794247550615,0.2964282162456265,0.030257076480647564,0.48461575780589067
2023-05-02,450.0,0.4530735349073193,-0.46549123330373915,0.22280651869837548,0.023431574371897447,0.3642934453899975
2023-05-03,450.0,0.6512604172232331,-0.3030996708692814,-0.2397544453352362,0.01499952538957931,0.36599654229857953
2023-05-04,450.0,0.5862900820884241,-0.4582966665236778,0.2779165390124874,0.011673970962312733,0.3934802880540235
2023-05-05,450.0,0.6082725960249856,-0.25185169198960455,-0.21354962443367906,0.022168462867637555,0.42069236929061193
2023-05-06,450.0,0.6265403519813315,-0.18204931131368454,0.36925932688027224,0.029953744465401038,0.37790721088535656
2023-05-07,450.0,0.5959255088904493,-0.2742492432226732,0.5711726345406832,0.018814571407415805,0.32130705347320576
2023-05-08,450.0,0.5454320889129821,-0.352928902733678,0.047822484589402026,0.02965085307484953,0.35671509095591175
2023-05-09,450.0,0.5627541852390786,-0.24214674629009375,0.2449954080328834,0.023150750474187985,0.464066692823226
2023-05-10,450.0,0.5381885378218663,-0.336943699571062,0.05451270919774953,0.02460966764305619,0.4037388394567756
2023-05-11,450.0,0.7135074483933685,-0.15191324439484535,-0.05078191145780567,0.014188630161232788,0.4225543641851911
2023-05-12,450.0,0.5670935003968265,-0.50585084306788,0.5477192661138588,0.025629901941429886,0.38692893964134817
2023-05-13,450.0,0.5394871326746029,-0.3110237104818779,0.20808203187646138,0.01916988793134941,0.3670251151913365
2023-05-14,450.0,0.5624253360394744,-0.5070791889069964,0.7898674427176504,0.024545218977558812,0.4838784724937706
2023-05-15,450.0,0.49656408555207865,-0.44077057129254527,0.18798128022905142,0.01637178847829416,0.390590407147446
2023-05-16,450.0,0.6712615686714584,-0.03303139381669131,0.2729560587903062,0.021996802868786244,0.3778315060236437
2023-05-17,450.0,0.5559395692809052,-0.09172479940614804,0.08856071282374912,0.023758698085013363,0.454807118317767
2023-05-18,450.0,0.5876128985189134,-0.31201144260174885,0.4173525122572825,0.019497009201078573,0.36388198205663075
2023-05-19,450.0,0.6047834204150293,-0.4042955089343957,0.17121744192159027,0.02374901624796939,0.3702636328113002
2023-05-20,450.0,0.5517296139891011,-0.56257344350957,0.38141170106880323,0.01894588626218363,0.4005123342008449
2023-05-21,450.0,0.5739924084597521,-0.256092426093582,0.1503899784407737,0.017508576100355548,0.400013505204409
2023-05-22,450.0,0.6235551123904501,0.19179173456374576,-0.3432684929060688,0.03583134527325858,0.43215974085153536
2023-05-23,450.0,0.5861583443639705,-0.09183000659728373,0.22980138826353677,0.027390357682479737,0.5045834544697745
2023-05-24,450.0,0.5440746189459003,-0.2257538050643715,0.32058991493965106,0.016194650617347425,0.41681241231761856
2023-05-25,450.0,0.5698001976470732,-0.06438025720368006,0.1934548537689677,0.02464635740575099,0.28109730186246
2023-05-26,450.0,0.6328878625241119,-0.3424304679869567,0.6239427410702808,0.015328457964624263,0.4163149471715781
2023-05-27,450.0,0.5760287357646482,-0.15453693834244955,0.4705120571487906,0.01313744031956779,0.40189399972448
2023-05-28,450.0,0.5505610615498997,-0.08457604150801382,-0.03453294340667418,0.028340933539706424,0.4021725012175729
2023-05-29,450.0,0.5620868016639701,-0.10081932077462101,0.16383660415077927,0.011125857245216114,0.41229736546980855
2023-05-30,450.0,0.6600296595418205,0.04175937922466143,-0.18513173777181616,0.028919707304857503,0.4027420235387262
2023-05-31,450.0,0.6321269738055834,-0.013777982105337898,0.015483416502375391,0.020421737407324555,0.3973693953472306
2023-06-01,450.0,0.633541951661298,0.046045772914043,-0.18216940331954629,0.022142129611580044,0.4352567877799436
2023-06-02,450.0,0.569705616767185,-0.14515269406104478,0.5066244631267441,0.022589263415451907,0.372895960140275
2023-06-03,450.0,0.6409742557998996,0.10255110242710332,0.019138765886768383,0.026948913690633965,0.3628707934607516
2023-06-04,450.0,0.5942238160569724,0.2200156025375403,-0.20851820380238373,0.021164365946683215,0.5731906328848737
2023-06-05,450.0,0.5685451762730579,-0.15395101799711192,0.4061703555620726,0.024765489082627275,0.36420712781093834
2023-06-06,450.0,0.6327528873444201,-0.13114447520972622,-0.45085271980204455,0.024370621987056827,0.40500714562300383
2023-06-07,450.0,0.668828871798843,0.2092915654407479,-0.650029744524846,0.019889804682658694,0.3461461440003064
2023-06-08,450.0,0.5501924925092916,-0.005933459943068426,0.20311308576509138,0.02017929196802311,0.4058234207525711
2023-06-09,450.0,0.5859284850166293,0.23920673051715105,-0.1523275993326637,0.0344804160313694,0.37725939551724835
2023-06-10,450.0,0.6027294688005376,-0.02254699033444012,0.07839446829929825,0.031746631725447796,0.3778763528574995
2023-06-11,450.0,0.7182126210174096,0.2658833523661174,-0.5177173724859193,0.03219608644732104,0.47884156852516796
2023-06-12,450.0,0.5142903257132023,0.08390486613876619,-0.06454183400972788,0.01637432151731087,0.43199096503278034
2023-06-13,450.0,0.6274406250279739,0.1126998170787389,0.4219874806452183,0.02503972484871996,0.4396904579366149
2023-06-14,450.0,0.5682380312060887,0.30866831487288476,-0.010017915462053606,0.031775260467638095,0.34230658956769533
2023-06-15,450.0,0.5730646123472078,0.03984301686237614,0.014536524482039733,0.026893751150201525,0.49582906017768824
2023-06-16,450.0,0.5772885220908271,-0.037417141716339,-0.08357147832479711,0.027043235574446822,0.34040593445290623
2023-06-17,450.0,0.584477071352319,0.045854071034696235,-0.13074106269163582,0.0253873943096799,0.4810134478181629
2023-06-18,450.0,0.5958727638887313,0.18802134059743233,-0.663914410718207,0.026709696232850605,0.46987932735881754
2023-06-19,450.0,0.5880030934101215,-0.10297716340580915,0.13649411961435653,0.0178071840986361,0.428866637089234
2023-06-20,450.0,0.6010476047128648,0.2317531920366146,0.049143542694833287,0.013892268693996915,0.3804260801582424
2023-06-21,450.0,0.5350621721015032,0.0682086778684236,-0.4416509063005503,0.026721028530233448,0.41440036002781855
2023-06-22,450.0,0.6771961049630014,0.31835520280718893,-0.38820286504173623,0.029370884703873303,0.4082894497484759
2023-06-23,450.0,0.6147457120841984,-0.19081580227704745,-0.15579509646442233,0.02596364195019635,0.4014519785752646
2023-06-24,450.0,0.6488806489140766,0.05601611177452612,-0.28054907694435915,0.01590863226731898,0.39310799822317466
2023-06-25,450.0,0.5144553224716626,-0.07089960595944382,0.06300013087708572,0.02561843248200381,0.2980694746713796
2023-06-26,450.0,0.6228175298536419,0.06559685187028655,-0.5670183350563192,0.037363888007445986,0.4626488927362581
2023-06-27,450.0,0.6614032094455129,0.23003555545972298,-0.007457279232540082,0.025951062680563297,0.4189481977185042
2023-06-28,450.0,0.5695093549736988,0.1755788199639844,0.0655585935086315,0.024001831053691317,0.3933178620212866
2023-06-29,450.0,0.6210473675498901,0.17157254283986462,-0.18287642699713336,0.02715106084689098,0.38914089264249807
2023-06-30,450.0,0.6171986590125088,0.19176659398355936,-0.754413743284627,0.039621620061290296,0.4370996382166944
2023-07-01,450.0,0.7220690371710489,0.24967920202196361,-0.4238800979159719,0.021204078111848712,0.38028010328747275
2023-07-02,450.0,0.7057508140659532,0.0793834351277048,0.2526570789362808,0.023420334223977428,0.2951795655890683
2023-07-03,450.0,0.5563875086244794,0.3300444024249113,-0.925529651879581,0.025066732937926457,0.4533609304029049
2023-07-04,450.0,0.7642095393759776,0.3292765757464842,-0.31737445607091874,0.02488564417009414,0.45888280747248955
2023-07-05,450.0,0.589840998705705,0.29668570636142727,-0.5026801890698138,0.028009633241720407,0.4196869794022611
2023-07-06,450.0,0.6879935944930603,0.32466608147240866,-0.026123681634476897,0.03505840163409726,0.37507146438774047
2023-07-07,450.0,0.683791976656804,0.2938923134468126,-0.37450310744863413,0.03864602526446845,0.43383600838914554
2023-07-08,450.0,0.6119118821973838,0.5141366128289514,-0.25890712379636305,0.033413994239544,0.3781870428672157
2023-07-09,450.0,0.6545559626214791,0.24910477441270154,-0.03300823729661781,0.02360898829623452,0.3735489476068872
2023-07-10,450.0,0.6212489779607123,0.2218805431167961,0.30374007975074774,0.03910571511986483,0.38465315748647155
2023-07-11,450.0,0.6470541212713726,0.16114684199794288,-0.16353827531740256,0.022500258838187716,0.4583116377443721
2023-07-12,450.0,0.6263818292537369,0.12373511778921369,0.007396509953203262,0.020399625780389723,0.39424296425707556
2023-07-13,450.0,0.6712873284551071,0.09558628488828921,-0.4381742692036614,0.014432655825913993,0.3871653079000059
2023-07-14,450.0,0.621904209854211,0.15111860580756625,0.19182036675813963,0.03188532128165063,0.512846486351319
2023-07-15,450.0,0.6241073331685651,0.27084197199900545,-0.37971659241714495,0.0333219484096829,0.4447073220593362
2023-07-16,450.0,0.6942077356632524,0.328371033419945,-0.3700482644158979,0.04284853443060303,0.44978682886573584
2023-07-17,450.0,0.664056642491201,0.29197370206892337,-0.20994354016054903,0.01887011524861805,0.4107123329464536
2023-07-18,450.0,0.6579749111600615,0.1782020120334753,-0.5154624947583951,0.035318816505711934,0.38800161782150866
2023-07-19,450.0,0.6155691727155425,0.40665421940393554,-0.22746544635052035,0.029415114051350583,0.3313450999395361
2023-07-20,450.0,0.5942313273726466,0.3874538870214195,-0.029351152683740944,0.03276578051416506,0.4871824152983199
2023-07-21,450.0,0.6038029590987631,0.2682422188449854,-0.11453609731716688,0.01659312189066013,0.4492397071723175
2023-07-22,450.0,0.5928413268946366,0.19901996815555045,-0.5365383687535665,0.035755243144445226,0.4109436971548844
2023-07-23,450.0,0.6830797913509538,0.3647485659859009,-0.28627631977254553,0.03330514479395931,0.4296135215067773
2023-07-24,450.0,0.6868521255576961,0.3171076920249463,-0.036468158672589734,0.02666896317409727,0.46851798231554737
2023-07-25,450.0,0.6021642387983828,0.08267294395835728,-0.5273682522623271,0.029044237487553692,0.3305317907418431
2023-07-26,450.0,0.7053400779633172,0.28161772518416334,-0.4658239110833428,0.023370569857680445,0.3986677059407261
2023-07-27,450.0,0.7075278293939484,0.3258696642140993,-0.008972863929489483,0.02344729494223587,0.3757718232767834
2023-07-28,450.0,0.6315475405753581,0.16147995629442635,-0.0455121108567768,0.021823454514664362,0.50472345975378
2023-07-29,450.0,0.5965888230637042,0.31402843034046835,-0.11682700570663936,0.016059252825365702,0.4751856196267119
2023-07-30,450.0,0.6879533168091613,0.07653736947820264,0.41129754327108603,0.026760316090479307,0.2975191048910521
2023-07-31,450.0,0.6517808727387238,0.45693116908453457,-0.20271362373262355,0.036803456528653807,0.3700050355764547
2023-08-01,450.0,0.6596638454029599,0.4446298798450934,-0.1467689132832705,0.025044279539050193,0.437845704316635
2023-08-02,450.0,0.612457809798582,0.24531717565758743,0.5059643588442704,0.025901796268802058,0.4009097069621375
2023-08-03,450.0,0.5948119825208581,0.32751249029764995,-0.28270988273097764,0.02642108962385415,0.3665321386259206
2023-08-04,450.0,0.5171037053735212,-0.07886935925595058,-0.14426213942545837,0.024542722281587815,0.4972381118825245
2023-08-05,450.0,0.644274722595415,0.1052608868129218,0.03326647879273793,0.019680433004218068,0.42615308438042115
2023-08-06,450.0,0.5881133144022072,0.22736139247531753,-0.04940521738549855,0.02030733018766443,0.4464769553906864
2023-08-07,450.0,0.7662113301725824,0.11028973935617639,-0.2088816655358755,0.03079037869408264,0.376428226474007
2023-08-08,450.0,0.5886501011620572,0.3579481691056762,-0.5086629732626852,0.02886161021856604,0.4719085242694678
2023-08-09,450.0,0.5983106475072532,0.5098314271360143,0.22057910652730955,0.040911845311345583,0.4319615046645009
2023-08-10,450.0,0.6352867953087497,0.0814988294006468,0.02466168701655297,0.023401715475789005,0.3939827242546897
2023-08-11,450.0,0.6916890543856256,0.12686150364384002,-0.27187439790120693,0.019407926724199047,0.44323624835564707
2023-08-12,450.0,0.6363349544188891,0.2758789297644003,0.035867324734819434,0.033356421397243194,0.3461380147234251
2023-08-13,450.0,0.6825483853296057,0.4494688693353497,-0.3419144964250784,0.03384357604442056,0.5247982799260842
2023-08-14,450.0,0.514203075505427,0.05317038648635395,-0.10043963211990559,0.027559205941345567,0.41443649938482924
2023-08-15,450.0,0.5975233133607276,0.2616574220443,-0.04259197745238666,0.03323873036823831,0.49021295264345127
2023-08-16,450.0,0.6015304209915034,0.46009339540318195,-0.6450359438401498,0.02725789802129021,0.3922383517093773
2023-08-17,450.0,0.5016400882576573,-0.030063493707905998,0.1092012465748273,0.020801403204588242,0.35384174379859035
2023-08-18,450.0,0.6080980698933175,0.018742151601026366,0.4651191958122196,0.019515444105229176,0.34377920408011203
2023-08-19,450.0,0.5045895440684798,0.13942437624167836,0.01894735218015285,0.016271106081628992,0.4264573212574098
2023-08-20,450.0,0.5480477759282464,0.11797978527182379,-0.17663887563614278,0.022887453468125887,0.41509714362309474
2023-08-21,450.0,0.609304219266793,0.30136590806219965,-0.33773245575060024,0.03584057146580127,0.4069159998446609
2023-08-22,450.0,0.5841508250398694,0.21429264031185982,-0.2525898415545792,0.027627824640504672,0.37072580438692204
2023-08-23,450.0,0.608720973217284,-0.09249543244224454,0.0012561331976259082,0.013918607502782253,0.3366701865134579
2023-08-24,450.0,0.643838325695718,0.23799430083828368,-0.2610476437763666,0.017255978714176147,0.42137523506029556
2023-08-25,450.0,0.6531176252338413,0.07023073280890434,0.17991634730240866,0.03233011787632655,0.3837437343014604
2023-08-26,450.0,0.6768717136999975,0.32710439220303084,-0.6622753503443674,0.02868415444697865,0.39843008960239
2023-08-27,450.0,0.6624987977474143,0.04548465232787728,0.1836607559735194,0.01807131572601463,0.48190293953936825
2023-08-28,450.0,0.6041272661418258,0.035193217852320914,-0.11955688378226492,0.021359909595770683,0.3994030378755954
2023-08-29,450.0,0.6391728462045513,0.19999584303098222,-0.04576014369784448,0.016319004039517367,0.4835017309994445
2023-08-30,450.0,0.6523201096580065,0.22287020468372468,-0.4377561208288232,0.03552875504649085,0.3956244113342377
2023-08-31,450.0,0.627282904364511,0.16833391245799767,0.21432402799176065,0.02132228473720989,0.4290722054357326
2023-09-01,450.0,0.5611292209777355,-0.1584255293867559,0.42230661061369734,0.028608921780456768,0.39722619918718327
2023-09-02,450.0,0.6028765260169344,0.16248877278269064,0.12615549048963498,0.024245280037654065,0.33136776180236294
2023-09-03,450.0,0.5493162267528969,-0.081715444421707,-0.32148788285318997,0.03182059845847521,0.4714169153131957
2023-09-04,450.0,0.632850922840515,0.09808401120852962,0.13862145992054248,0.02446046588396174,0.4030507207692322
2023-09-05,450.0,0.5761755118541316,-0.1593644120134213,0.21276886031832212,0.0262809350536296,0.43732091098164805
2023-09-06,450.0,0.5799116460667054,0.10891944665453095,-0.47756142444131355,0.029725504027446878,0.3732905085423751
2023-09-07,450.0,0.5562196264738578,-0.0889011046659375,0.056156427323452364,0.025515356513126045,0.39175778092101177
2023-09-08,450.0,0.5191324314243123,-0.1695636015545689,0.20982814334651384,0.023260398868180425,0.3566573820038323
2023-09-09,450.0,0.6629725941315353,0.11692105891396103,0.05717407721601499,0.022128264145973367,0.47349203002956586
2023-09-10,450.0,0.6082165528105401,0.03571391111625591,0.019315603955834794,0.03395106400760131,0.4191418584841594
2023-09-11,450.0,0.5444699056221607,-0.10325077832646463,0.14508339904037015,0.01598208235044167,0.41835267633404444
2023-09-12,450.0,0.6635411609247354,0.1926147787052878,0.23357250296957244,0.023997405171677533,0.4871706852257778
2023-09-13,450.0,0.5600275807150783,-0.09958315662669122,0.3762166871163538,0.02065164574806663,0.45781706484495116
2023-09-14,450.0,0.5248448355848901,-0.04025110887081845,-0.688587962236113,0.026802940986865927,0.4382671268068143
2023-09-15,450.0,0.6491294062534472,-0.016097568395912275,-0.06809134083228191,0.019695109332776028,0.3289136326481269
2023-09-16,450.0,0.554013772455854,-0.1594281505486697,0.07043694849808096,0.023607195067791138,0.36521604402416585
2023-09-17,450.0,0.5785166840803521,-0.008653011743403476,-0.43196753496136037,0.02261480166510429,0.3498055931994324
2023-09-18,450.0,0.5817521469368316,-0.1692237840052271,0.14200241336173702,0.011944062608423536,0.43637668468129
2023-09-19,450.0,0.6376046200672476,-0.1627070089354848,0.426084349357466,0.020449138689161556,0.4085325970875026
2023-09-20,450.0,0.6118166104322148,0.09012288240749311,-0.33472798258289277,0.018039501877937788,0.33948666655921955
2023-09-21,450.0,0.5071008247452677,-0.27452765789558975,0.2762695951993809,0.010515889411754669,0.39056278934943867
2023-09-22,450.0,0.5718112484486095,-0.461521681308329,0.09410930759172081,0.0224459100840617,0.3252943832140611
2023-09-23,450.0,0.5868356099483314,0.09237580134514646,-0.23264106686152172,0.02722706902901337,0.40657975573102667
2023-09-24,450.0,0.7205746643202916,0.21815388119848605,0.21664069170356856,0.0275792407933048,0.3390467629204894
2023-09-25,450.0,0.5724617540996431,-0.22901883167051945,0.024673727141407364,0.02530434935692679,0.42644137466923066
2023-09-26,450.0,0.43522287429482226,-0.4418779234187037,0.42486766864574876,0.008800372910484562,0.4188981313017037
2023-09-27,450.0,0.5893520560658941,-0.23763493784907982,-0.3014600725208909,0.015004491271569796,0.4953974246673441
2023-09-28,450.0,0.667810254649789,-0.24516362469352015,0.6371939276341841,0.031589185012655244,0.44239366447486717
2023-09-29,450.0,0.6496971526609908,-0.24249051471898875,0.3204064718799169,0.014477249803314746,0.3788542872088749
2023-09-30,450.0,0.6462105281020792,-0.37780988613124217,0.2188419596293041,0.024803390051578576,0.4409035046637243
2023-10-01,450.0,0.5305503757998281,-0.15384679109248908,0.251579381264716,0.016892763354229106,0.33011680595274107
2023-10-02,450.0,0.6248426099687104,-0.17304174858440416,-0.23132563322786967,0.02338717996737749,0.3518763698159457
2023-10-03,450.0,0.5094856969707277,-0.4534548003536389,0.6130510456857114,0.016015389818127435,0.41665712660375553
2023-10-04,450.0,0.5908531194138491,-0.16967792130830844,0.03777835104170836,0.02521820537240939,0.29208751686260365
2023-10-05,450.0,0.5388036112557856,0.020426939106435494,-0.06531623613661353,0.02338794283087154,0.4001846546639494
2023-10-06,450.0,0.5358238140840453,-0.2662783139318236,0.0634809160109054,0.019056678234627273,0.348986835394079
2023-10-07,450.0,0.5247270368471569,-0.3455052357055187,0.09669081430746693,0.015313404832163877,0.4050653527576632
2023-10-08,450.0,0.6054144160138407,-0.3292778999440845,0.4041621828679613,0.022072626609739965,0.34611318209763686
2023-10-09,450.0,0.6118547520254564,-0.23484336715022014,0.2283670695312098,0.013825774103519197,0.42121240687275946
2023-10-10,450.0,0.5492273148647238,-0.5384472633484776,0.5398501196946943,0.02259338823485593,0.40096637118336953
2023-10-11,450.0,0.4944339285739242,-0.31704167102755376,0.21973049734789474,0.03689386474157784,0.47001829584406657
2023-10-12,450.0,0.5365738685592184,-0.39870133119413037,0.40739088460518647,0.028556000041890017,0.40033672670508114
2023-10-13,450.0,0.5511205610314158,-0.09644679017873209,-0.03719943285614713,0.026458816455434558,0.36156785975192673
2023-10-14,450.0,0.5968371767911645,-0.38872175869633285,0.8295381914398201,0.018765444377695194,0.3876557072086359
2023-10-15,450.0,0.6417379581044078,-0.1430940378037621,-0.2918167776449912,0.011502708702816455,0.33278818014916345
2023-10-16,450.0,0.5909963272946386,-0.515191266724213,0.6758682175976951,0.011710974671683732,0.420306862735272
2023-10-17,450.0,0.5244587271851233,-0.3148358487002128,0.5623619567703917,0.027657845918922744,0.42949251231576363
2023-10-18,450.0,0.41994741143531755,-0.35896610375173743,0.038236571134817765,0.017108591728773184,0.5234598018346409
2023-10-19,450.0,0.4503917987435785,-0.5105008862493227,0.9146690230135193,0.014911024607902773,0.3689082004697798
2023-10-20,450.0,0.6238850147649742,-0.39330278449280265,0.5241845198812913,0.019082404449226445,0.38661027131624087
2023-10-21,450.0,0.5483573484102696,-0.2631658718644931,0.42700086201087306,0.014016475078302771,0.37121207377808924
2023-10-22,450.0,0.506179380255072,-0.46903657359726897,0.33533114827455746,0.01334617605177836,0.41060568505656125
2023-10-23,450.0,0.6079004139915688,-0.6186050056686904,0.3787169644134141,0.02025078474024328,0.4190845267239807
2023-10-24,450.0,0.6097030564736585,-0.4462911733396484,0.2600516145778518,0.015633448036563705,0.3973312577785745
2023-10-25,450.0,0.5349989871072925,-0.5518620749058069,0.48393610151394406,0.015756327084309768,0.45431629584365163
2023-10-26,450.0,0.5257098613276591,-0.496833200992852,0.6980798094534704,0.014900263676830897,0.36915102481226114
2023-10-27,450.0,0.5366461369307364,-0.47290668690506094,0.37636323529889754,0.02369598133886244,0.44930870239453563
2023-10-28,450.0,0.5340753527429739,-0.6440232264699948,0.22295535274467373,0.019729913626564927,0.42692489268205414
2023-10-29,450.0,0.603151850199153,-0.6404209488902282,0.6544014298194046,0.018630066096429483,0.3993985040050527
2023-10-30,450.0,0.5703615660314634,-0.42301504316998323,0.5263982168176863,0.023651183147632433,0.38425316796214276
2023-10-31,450.0,0.5710937881073088,-0.5433971962054017,0.5440429194557277,0.019163593540611402,0.5213333879365685
2023-11-01,450.0,0.5712476969230226,-0.7267984044207165,0.6951336097257472,0.01792539819095377,0.35914956746289606
2023-11-02,450.0,0.49329390775563836,-0.40185243494283895,0.2135646719205352,0.02398119833887952,0.41489665884842075
2023-11-03,450.0,0.5814565461338083,-0.46905457074911566,0.09609090774173604,0.025626002079761647,0.3624890464878934
2023-11-04,450.0,0.5156556104009066,-0.5801329322167736,0.1890446948915466,0.020370261367287538,0.4892810374310653
2023-11-05,450.0,0.39735729517657176,-0.6403162086232491,0.03935553392180985,0.022326305742561538,0.4443413164399602
2023-11-06,450.0,0.44384013682997525,-0.41459488392278426,0.3494535716324364,0.015965695203670426,0.3660825060579428
2023-11-07,450.0,0.49184651603750085,-0.47706336155470774,0.313082157281647,0.01562294794718261,0.4256297496715614
2023-11-08,450.0,0.6006968410149763,-0.21553600345543922,0.04087827628638026,0.026451462924442247,0.4128847860638278
2023-11-09,450.0,0.548566883873041,-0.4760257866164478,-0.405686655454754,0.02620886894566212,0.3741687619012631
2023-11-10,450.0,0.5512553335319506,-0.4830250152236054,0.026288143232981565,0.02462666227334629,0.4379082108614087
2023-11-11,450.0,0.6319109258831637,-0.5469687354264249,0.663088277649289,0.02136346618109196,0.4194652695552205
2023-11-12,450.0,0.4839491916883307,-0.43830272973898815,0.14065541080150895,0.02171827917505717,0.41078493569429764
2023-11-13,450.0,0.5429644530729314,-0.4638656601490198,0.4148538815185242,0.02460812627046289,0.3979040144378836
2023-11-14,450.0,0.5684750034686986,-0.3895564389332679,-0.07498185024052656,0.027910019136593796,0.4215527246299826
2023-11-15,450.0,0.492205385829376,-0.59150798619756,0.7737319609280997,0.024870990899243,0.411469383074623
2023-11-16,450.0,0.531254926169485,-0.584678425705517,0.37326798298019276,0.019967945020505987,0.4029546666512509
2023-11-17,450.0,0.44915771716177944,-0.5903734677833611,0.48577152656923656,0.02851854074626431,0.3679492042006218
2023-11-18,450.0,0.6160283384584391,-0.4538914367109357,0.8991689536680763,0.0205071921768634,0.4846883120381247
2023-11-19,450.0,0.5218758926820326,-0.36702816409538064,0.6360297400141174,0.023545496410705295,0.34747900283257266
2023-11-20,450.0,0.6306043163635929,-0.5913807656277685,0.3373251306176735,0.022392178167603458,0.4213818109439873
2023-11-21,450.0,0.5277391784161326,-0.5886425448999552,0.26374473521237873,0.02245086119926391,0.38398796288492837
2023-11-22,450.0,0.5899697963018541,-0.5119406830675421,0.27697222526739657,0.016505086070017896,0.487977363472465
2023-11-23,450.0,0.5287654566736174,-0.571411665640207,0.5274627280672788,0.024274348232480487,0.354825873138808
2023-11-24,450.0,0.5458871826335456,-0.4381302146118995,0.28038511666561183,0.03797872046004848,0.36323683691198344
2023-11-25,450.0,0.48201670476453345,-0.7398485714530514,0.419082963766268,0.01816659916249825,0.3515090968369088
2023-11-26,450.0,0.5307696082822885,-0.6265549015502117,0.8053837437624087,0.01975782497488366,0.4161732525475305
2023-11-27,450.0,0.541271328198608,-0.6219050543507862,0.40678106510109113,0.017779823991802442,0.3313474670215679
2023-11-28,450.0,0.4716076139857384,-0.7431621714041877,1.0951107932422612,0.015876936887056492,0.3760735752621117
2023-11-29,450.0,0.5173589753926285,-0.6365733651198101,0.4682869965219103,0.02951944006235336,0.29238170885728576
2023-11-30,450.0,0.49376634038464484,-0.6310726359374951,0.8880804437124283,0.015120396568517852,0.41202106770640456
2023-12-01,450.0,0.6476993586476454,-0.5606987069424717,0.4818189505373869,0.01736472050386779,0.3749892570621869
2023-12-02,450.0,0.5464554801732959,-0.4088165110926927,0.5269117010772468,0.010542975688159824,0.32559716280340734
2023-12-03,450.0,0.6098810414565603,-0.5615047177355642,0.21190053953546384,0.016619190004967355,0.454280470148703
2023-12-04,450.0,0.5140215541680045,-0.6349777440967588,0.23104461522087816,0.010841523182305565,0.33461665508075306
2023-12-05,450.0,0.5485060718838176,-0.5371525849410645,0.49093329821249204,0.023971000732690713,0.4398471845014108
2023-12-06,450.0,0.48525051755496323,-0.4056773238564438,0.5311124373158393,0.03685325939416372,0.3649479588006098
2023-12-07,450.0,0.5028720728717636,-0.6231191461236922,0.44624752778670024,0.018124688870379446,0.4800785688947713
2023-12-08,450.0,0.5368057160077374,-0.6143418127643743,0.10844093516413766,0.011567380973967152,0.4374775269463073
2023-12-09,450.0,0.6247202048354712,-0.45483322260435155,-0.021681335749285713,0.027486709742837952,0.3495976064562986
2023-12-10,450.0,0.5464171991002229,-0.5390161648632545,0.020527214857717857,0.017556352917687,0.3541458723894847
2023-12-11,450.0,0.6168844157786173,-0.43584668567527196,-0.1368128482621549,0.03033994390915443,0.4302762602612155
2023-12-12,450.0,0.5710221099301164,-0.50845287983358,0.38328835574527786,0.018845586490167505,0.3868810934644917
2023-12-13,450.0,0.6309961154200736,-0.41978292960967195,0.5751090311537767,0.016132699908174047,0.3915328746489317
2023-12-14,450.0,0.5243920175649475,-0.6054655964149979,0.42047197075929627,0.019342942795568713,0.4636119430886049
2023-12-15,450.0,0.66019062129101,-0.4943376186798345,-0.21906735625857898,0.027409176409114444,0.3625655563315022
2023-12-16,450.0,0.5143473394377142,-0.5115237534714975,0.310376512346411,0.019432357872227822,0.40456468860877276
2023-12-17,450.0,0.4885083174424171,-0.6097382570641621,0.38611703078676163,0.01754762004037164,0.44773138968261533
2023-12-18,450.0,0.4630439809229506,-0.6371114716049804,0.9699777176798461,0.017812232402042546,0.44045587441928
2023-12-19,450.0,0.6701087943198353,-0.3870203271505683,-0.09337024922449128,0.01474126832516487,0.3920193666239664
2023-12-20,450.0,0.5803806804939265,-0.5049308178080696,0.2557821718158497,0.02338080464196693,0.3855547059573671
2023-12-21,450.0,0.5148196753469623,-0.5706190665335198,0.8258965167096048,0.00856657454266577,0.31305922687395343
2023-12-22,450.0,0.6068932774364555,-0.4629821450601604,0.4365820868787493,0.017692041914424403,0.3471877503667402
2023-12-23,450.0,0.5984646344333173,-0.29933312352143165,0.3503614548441083,0.025209527004502186,0.4159179613287367
2023-12-24,450.0,0.6178786798960096,-0.6702307806064163,0.4978076556804609,0.021976724708590974,0.3931058905528882
2023-12-25,450.0,0.4512868690747461,-0.594345744068819,0.4985279055124894,0.02369808885947303,0.4037463539283113
2023-12-26,450.0,0.5232427577241238,-0.5290769738346961,0.5647562642539212,0.019563734549778035,0.45196268048170307
2023-12-27,450.0,0.5507112246391261,-0.21802255136443763,-0.049755793768085255,0.029217336186946496,0.3406338445468863
2023-12-28,450.0,0.4569121300443456,-0.37003113446020236,0.4785364388491916,0.025767912269541584,0.3881909848883675
2023-12-29,450.0,0.6174436530038644,-0.2964392269593358,-0.13574329534984975,0.025216508620292323,0.40943554817056094
2023-12-30,450.0,0.5236408994564631,-0.5236606062780746,0.44865441760253677,0.02588210543483849,0.36479200312127424
2023-12-31,450.0,0.5753418367128071,-0.5136643628043409,0.4042502947846204,0.024968222150224904,0.4715738556963709
2024-01-01,450.0,0.6806528174303499,-0.3111314940510899,0.06371877378773594,0.019108688203436242,0.4454293400806574
2024-01-02,450.0,0.539940020500332,-0.3533149575690626,0.2416491514669321,0.012988395186572133,0.4145066663544378
2024-01-03,450.0,0.5456997484328028,-0.2770216869528286,0.03828014270059174,0.024369126933168943,0.48971158896642936
2024-01-04,450.0,0.5620423807003994,-0.36575689821500385,-0.011895502964933413,0.025324115152643,0.32505523601949293
2024-01-05,450.0,0.614179258726067,-0.29319257435919466,0.11683111664802515,0.028077622185080357,0.3996136859447159
2024-01-06,450.0,0.5357988731019429,-0.29887896360458005,-0.06678188431970936,0.01664880348056832,0.4183168484467031
2024-01-07,450.0,0.544375814836082,-0.20063421089426212,0.22114331364929551,0.015690983618926325,0.3542722476603039
2024-01-08,450.0,0.6306902356920271,-0.18474356516700932,-0.15820087792118437,0.025386978262261724,0.41503572709088643
2024-01-09,450.0,0.5598969962814754,-0.49195808258688606,0.522364913558583,0.019654905283881627,0.34467087531060614
2024-01-10,450.0,0.4316021640428288,-0.5513451900577515,0.09057186605822104,0.01032413027892526,0.4345278659137127
2024-01-11,450.0,0.5243551328515301,-0.11979397645845359,-0.05771794537433407,0.02448126473275703,0.45289173840644537
2024-01-12,450.0,0.6655127327831565,-0.07957550340170044,-0.10044799967260445,0.011285908606727473,0.41361667005641645
2024-01-13,450.0,0.5746947541516924,-0.3783471666854015,0.5961296988984908,0.014191301391423673,0.3073601092467527
2024-01-14,450.0,0.5054019201489374,-0.4707356941600015,0.41208747231614895,0.02854911347228984,0.35166032394169827
2024-01-15,450.0,0.5673258886107126,-0.20128023772948528,0.08796271577454112,0.032598327918806694,0.42823550016065803
2024-01-16,450.0,0.5927457567336467,-0.06596730755363996,0.1708569755549788,0.014029207373316775,0.4010599321756183
2024-01-17,450.0,0.6460430877164425,0.077136830853619,-0.5807938684299553,0.02327367199983485,0.27301355220073753
2024-01-18,450.0,0.5199527735001872,-0.10111713964061039,0.059998600338200404,0.022016028302896472,0.46214151919341206
2024-01-19,450.0,0.5318408137108928,-0.2175977446298697,0.6516969656920995,0.03039611658941125,0.40683282531269166
2024-01-20,450.0,0.5802641279830166,-0.27819716466794037,0.22782464186822637,0.018146933839390592,0.35904626679999774
2024-01-21,450.0,0.5787476616359581,-0.13550507782724477,0.1118318467714052,0.01869322400562874,0.44974777987833325
2024-01-22,450.0,0.6084822774562613,-0.167589013963118,0.25434440468473163,0.030296360946681856,0.3661229993546551
2024-01-23,450.0,0.5077033302559463,-0.2568441656339492,0.40369222677235084,0.018218850145066585,0.3655773941197893
2024-01-24,450.0,0.6427763018679908,0.20766556712020676,-0.6447325702066097,0.031720646919679116,0.4386841892627225
2024-01-25,450.0,0.6765436386504213,0.18303714734623128,-0.5487076235901186,0.017880903320000155,0.5073556376967379
2024-01-26,450.0,0.6365061007101791,0.10137644460595822,-0.01839068845263412,0.022566804666066143,0.49131700335924017
2024-01-27,450.0,0.5841012961622135,-0.19045242354888406,-0.04540244399015858,0.012223904059775333,0.41798557494520533
2024-01-28,450.0,0.6056910607978869,0.0873770077182131,0.26684241015222937,0.015935315414237157,0.4318569837143373
2024-01-29,450.0,0.5665642581469261,0.06922346487917778,-0.12725002288673043,0.028579830534787333,0.4464972930921591
2024-01-30,450.0,0.6028526892799314,0.05377182418267356,-0.5212729608561509,0.024421872572975404,0.3425279986497999
